word,concreteness,imageability,familiarity,age_of_acquisition,freq_zh,log_freq_zh,freq_mn
麦皮,NA,NA,NA,NA,NA,NA,1
甜圈,NA,NA,NA,NA,NA,NA,1
滑板手,NA,NA,NA,NA,NA,NA,1
选美小姐,NA,NA,NA,NA,NA,NA,1
铜板,NA,NA,NA,NA,11,15682,1
路标,NA,NA,NA,NA,155,1716,5
夫妇的下臂,NA,NA,NA,NA,NA,NA,1
马屁,NA,NA,NA,NA,NA,NA,1
帆板,NA,NA,NA,NA,83,14472,2
妙龄少女,NA,NA,NA,NA,NA,NA,1
玩家,NA,NA,NA,NA,NA,NA,9
料理台,NA,NA,NA,NA,3,0,2
嘟嘟车,NA,NA,NA,NA,NA,NA,1
大桥,NA,NA,NA,NA,429,21584,6
冲浪爱好者,NA,NA,NA,NA,NA,NA,1
谬,NA,NA,NA,NA,188,17993,1
池塘,1.416667,5.846 ,5.409 ,3.333 ,42,21492,1
堡,NA,NA,NA,NA,951,25038,1
卷心菜,NA,NA,NA,NA,227,18808,11
露营,1.884615,NA,NA,NA,879,24698,1
面包西红柿,NA,NA,NA,NA,NA,NA,1
熊椅,NA,NA,NA,NA,NA,NA,1
汽水,1.333333,NA,NA,NA,742,23962,2
一碗水果,NA,NA,NA,NA,NA,NA,1
汉堡面包,NA,NA,NA,NA,NA,NA,5
窗子,NA,NA,NA,NA,56,22742,2
鹰,NA,NA,NA,NA,113,25786,24
西餐,1.708333,4.733 ,6.364 ,2.938 ,21,8451,4
喷头,NA,NA,NA,NA,63,13222,1
印度牛,NA,NA,NA,NA,NA,NA,1
棒球服,NA,NA,NA,NA,NA,NA,13
幼鸟,NA,NA,NA,NA,NA,NA,1
面具式背包,NA,NA,NA,NA,NA,NA,1
后车尾,NA,NA,NA,NA,NA,NA,1
头,NA,NA,NA,NA,34525,40638,20
屁股,1.24,3.571 ,5.591 ,2.429 ,11339,35802,1
棉衣,NA,5.429 ,5.545 ,2.000 ,6,301,2
东西,NA,4.000 ,6.045 ,1.733 ,113654,45812,1
吃饭,1.833333,NA,NA,NA,6364,33294,3
玫瑰花,NA,NA,NA,NA,197,18195,2
西装上衣,NA,NA,NA,NA,NA,NA,4
鹈鹕,NA,NA,NA,NA,57,12788,1
海边,NA,NA,NA,NA,1297,26385,3
绿夹克,NA,NA,NA,NA,NA,NA,1
鹦鹉玩偶,NA,NA,NA,NA,NA,NA,1
花色衣服,NA,NA,NA,NA,NA,NA,1
披萨和刀,NA,NA,NA,NA,NA,NA,1
母牛,NA,NA,NA,NA,NA,NA,2
怀孕,1.333333,NA,NA,NA,6576,33436,1
宝宝,NA,NA,NA,NA,3965,31239,8
浴巾,NA,NA,NA,NA,167,17482,1
锡纸,1.259259,NA,NA,NA,8,14314,1
球队,1.466667,NA,NA,NA,1944,28142,1
绵羊,1.361111,NA,NA,NA,271,1959,62
车侧镜,NA,NA,NA,NA,NA,NA,3
紫禁城,NA,NA,NA,NA,15,699,1
少年足球员,NA,NA,NA,NA,NA,NA,1
德瑞斯,NA,NA,NA,NA,NA,NA,1
莴苣,NA,NA,NA,NA,14,16721,2
发型,1.88,NA,NA,NA,2716,29595,1
电车,NA,NA,NA,NA,489,22148,3
电滑翔伞,NA,NA,NA,NA,NA,NA,1
火车,1.133333,5.214 ,6.045 ,1.929 ,457,31855,9
双下巴,NA,NA,NA,NA,NA,NA,1
餐刀,NA,NA,NA,NA,NA,NA,33
地道,NA,NA,NA,NA,754,24031,1
行人桥,NA,NA,NA,NA,NA,NA,1
酒馆,NA,NA,NA,NA,668,23502,1
炖牛肉,NA,NA,NA,NA,NA,NA,1
花束,NA,NA,NA,NA,122,16128,1
帐篷顶,NA,NA,NA,NA,NA,NA,1
土地,1.434783,3.385 ,6.227 ,2.200 ,3342,30496,1
娃娃,NA,5.462 ,6.227 ,3.000 ,2656,29499,6
艺术展,NA,NA,NA,NA,83,14472,1
群,NA,NA,NA,NA,8654,34628,3
小孩子们,NA,NA,NA,NA,NA,NA,1
夏装,NA,NA,NA,NA,27,9542,1
有足球的女孩,NA,NA,NA,NA,NA,NA,1
标牌,NA,NA,NA,NA,107,15563,2
谷物,1.961538,NA,NA,NA,25,19243,1
车厢,NA,4.083 ,5.409 ,2.467 ,668,23502,8
躺椅,NA,NA,NA,NA,125,16232,1
车头,NA,NA,NA,NA,247,19191,16
餐馆,NA,NA,NA,NA,3446,3063,17
画像,NA,NA,NA,NA,563,22765,1
马棚,NA,NA,NA,NA,42,11461,1
接球,NA,NA,NA,NA,42,21492,4
短裤,NA,NA,NA,NA,1025,25366,3
皮夹克,NA,NA,NA,NA,95,15051,2
姿势,2.615385,4.600 ,6.773 ,2.500 ,3011,30043,1
滑鼠垫,NA,NA,NA,NA,NA,NA,1
手链,NA,NA,NA,NA,NA,NA,1
衬衣,NA,NA,NA,NA,912,24857,22
烤面包片,NA,NA,NA,NA,NA,NA,1
棒球员,NA,NA,NA,NA,NA,NA,17
高领衫,NA,NA,NA,NA,NA,NA,1
羊羔,1.56,NA,NA,NA,241,19085,7
羽绒马甲,NA,NA,NA,NA,NA,NA,1
家庭,2.181818,4.500 ,6.273 ,1.385 ,14955,37004,5
眼镜,1.25,4.200 ,6.524 ,2.067 ,2382,29025,3
照片,1.444444,3.929 ,5.818 ,1.786 ,25895,39389,2
运动天,NA,NA,NA,NA,NA,NA,1
人偶,NA,NA,NA,NA,NA,NA,1
糕点,1.384615,NA,NA,NA,262,19445,14
炒饭,1.269231,NA,NA,NA,6,1301,5
雕塑,NA,NA,NA,NA,611,23118,10
台面,NA,NA,NA,NA,143,16812,4
门,NA,NA,NA,NA,12,6021,2
合服,NA,NA,NA,NA,NA,NA,1
城堡,1.678571,NA,NA,NA,2072,2842,44
肩,NA,NA,NA,NA,915,24871,2
烤熊饼,NA,NA,NA,NA,NA,NA,1
庄园,1.962963,NA,NA,NA,647,23365,1
毯子,1.259259,NA,NA,NA,1082,25599,4
移动的,NA,NA,NA,NA,NA,NA,1
货车,1.24,NA,NA,NA,1896,28035,77
摄像机,NA,NA,NA,NA,2248,28774,1
牛毛,NA,NA,NA,NA,9,4771,1
侧视镜,NA,NA,NA,NA,NA,NA,1
衣物,NA,NA,NA,NA,358,20792,1
女士,NA,3.545 ,6.381 ,2.294 ,31431,4023,102
芝士,1.633333,NA,NA,NA,587,22945,7
球台,NA,NA,NA,NA,36,10792,1
羊,NA,NA,NA,NA,2078,28432,493
贸易,2.88,4.600 ,5.810 ,3.357 ,692,23655,1
面包刀,NA,NA,NA,NA,NA,NA,1
商场,1.451613,6.000 ,5.667 ,1.462 ,1324,26474,1
车,NA,NA,NA,NA,9,4771,946
沙拉菜,NA,NA,NA,NA,NA,NA,1
完全帽,NA,NA,NA,NA,NA,NA,1
男性,NA,NA,NA,NA,2695,29562,22
棒球,1.166667,NA,NA,NA,3419,30596,17
名牌,2,NA,NA,NA,462,21903,1
法棍,NA,NA,NA,NA,NA,NA,1
成人,1.655172,NA,NA,NA,1496,27007,1
泰迪熊的女人,NA,NA,NA,NA,NA,NA,1
起重机,NA,NA,NA,NA,253,19294,1
船边,NA,NA,NA,NA,NA,NA,1
正脸,NA,NA,NA,NA,NA,NA,1
充电器,NA,NA,NA,NA,164,17404,1
汉堡坯,NA,NA,NA,NA,NA,NA,1
肉片,NA,NA,NA,NA,57,12788,1
行人,1.870968,2.917 ,5.591 ,2.133 ,197,18195,3
景点,NA,NA,NA,NA,92,14914,1
哭,NA,NA,NA,NA,11366,35813,1
旋螺桨,NA,NA,NA,NA,NA,NA,1
海鸥,1.392857,NA,NA,NA,28,19731,11
屋,NA,NA,NA,NA,4176,31464,8
连廊,NA,NA,NA,NA,NA,NA,1
头盔,1.076923,NA,NA,NA,1073,25563,77
视频游戏控制器,NA,NA,NA,NA,NA,NA,1
汽车罩,NA,NA,NA,NA,NA,NA,2
长椅,NA,NA,NA,NA,259,19395,7
早餐,1.586207,NA,NA,NA,3717,30959,28
干果,1.633333,NA,NA,NA,42,11461,1
标志,2.625,3.267 ,5.000 ,2.250 ,2093,28463,1
玻璃杯,NA,NA,NA,NA,194,18129,1
因动员,NA,NA,NA,NA,NA,NA,1
棒球衣,NA,NA,NA,NA,NA,NA,3
打球,NA,NA,NA,NA,172,27612,5
车视镜,NA,NA,NA,NA,NA,NA,1
小刀,NA,NA,NA,NA,286,19823,7
孩子们看到,NA,NA,NA,NA,NA,NA,1
滑雪选手,NA,NA,NA,NA,NA,NA,1
展示东西,NA,NA,NA,NA,NA,NA,1
啤酒罐,NA,NA,NA,NA,NA,NA,1
客人,1.638889,4.923 ,5.909 ,2.333 ,578,32876,1
蛋,NA,NA,NA,NA,7703,34123,5
煎蛋卷,NA,NA,NA,NA,NA,NA,1
比萨人,NA,NA,NA,NA,NA,NA,1
披萨,NA,NA,NA,NA,551,22672,341
菜肴,NA,NA,NA,NA,51,12304,7
滑板场地,NA,NA,NA,NA,NA,NA,1
萨其马,NA,NA,NA,NA,3,0,1
哭泣的小朋友,NA,NA,NA,NA,NA,NA,1
号码,1.913043,6.385 ,6.909 ,3.300 ,9348,34964,1
鸟类动物,NA,NA,NA,NA,NA,NA,1
米粉,1.2,NA,NA,NA,24,9031,1
野营,NA,NA,NA,NA,584,22923,1
吃披萨,NA,NA,NA,NA,NA,NA,1
餐点,NA,NA,NA,NA,NA,NA,1
旅行照,NA,NA,NA,NA,NA,NA,1
游客,NA,NA,NA,NA,701,23711,8
火车轨,NA,NA,NA,NA,NA,NA,2
寿星,NA,NA,NA,NA,167,17482,1
提防,NA,NA,NA,NA,286,19823,1
垃圾桶,NA,NA,NA,NA,745,23979,7
桶子,NA,NA,NA,NA,NA,NA,2
贝果,NA,NA,NA,NA,NA,NA,12
肉丸子,NA,NA,NA,NA,NA,NA,1
饭,NA,NA,NA,NA,5404,32584,11
盖,NA,NA,NA,NA,6,301,1
餐车,NA,NA,NA,NA,14,16721,6
白菜,NA,3.786 ,6.286 ,1.833 ,78,1415,2
沙皮狗,NA,NA,NA,NA,NA,NA,1
汤匙,1.423077,NA,NA,NA,137,16628,1
餐巾,NA,NA,NA,NA,283,19777,1
帽,NA,NA,NA,NA,1374,26637,1
椅,NA,NA,NA,NA,388,21139,1
桌面,1.875,NA,NA,NA,17,17559,34
大众车,NA,NA,NA,NA,NA,NA,1
棚顶,NA,NA,NA,NA,NA,NA,3
咖啡馆,NA,NA,NA,NA,554,22695,2
黑熊,NA,NA,NA,NA,6,1301,3
滑雪板,NA,NA,NA,NA,95,15051,8
鸢尾花,NA,NA,NA,NA,NA,NA,1
人狗,NA,NA,NA,NA,NA,NA,1
玩具飞机,NA,NA,NA,NA,NA,NA,1
涂鸦,2.807692,NA,NA,NA,435,21644,1
笔记本鼠标,NA,NA,NA,NA,NA,NA,1
倒后镜,NA,NA,NA,NA,NA,NA,1
工作站,NA,NA,NA,NA,125,16232,1
花洒,NA,NA,NA,NA,NA,NA,1
生日庆典,NA,NA,NA,NA,NA,NA,1
包菜,NA,NA,NA,NA,NA,NA,7
易拉罐,NA,NA,NA,NA,98,15185,4
花卉,1.689655,NA,NA,NA,66,13424,2
卧室,NA,5.417 ,6.136 ,1.583 ,2999,30026,5
机翼,NA,NA,NA,NA,134,16532,1
饼干,1.413793,5.083 ,6.364 ,1.538 ,3172,30269,41
棉条,NA,NA,NA,NA,NA,NA,1
篮球员,NA,NA,NA,NA,NA,NA,2
铁板烧,NA,NA,NA,NA,NA,NA,3
晚礼服,NA,NA,NA,NA,349,20682,2
男子,NA,5.000 ,6.045 ,2.000 ,1747,27679,11
公鸡,1.192308,NA,NA,NA,259,19395,3
渔港,NA,NA,NA,NA,6,301,1
刀具,NA,NA,NA,NA,89,14771,3
菜,NA,NA,NA,NA,5852,32929,50
快艇,NA,NA,NA,NA,146,16902,3
流浪汉,NA,NA,NA,NA,948,25024,3
公主,1.64,NA,NA,NA,3634,3086,8
杆子,NA,NA,NA,NA,185,17924,1
老板,NA,5.083 ,6.318 ,2.400 ,9983,35249,1
机尾,NA,NA,NA,NA,NA,NA,1
会议桌,NA,NA,NA,NA,3,1,7
小卖部,NA,NA,NA,NA,104,15441,1
屋子,1.515152,5.500 ,6.318 ,1.846 ,4775,32047,30
横幅,NA,NA,NA,NA,107,15563,1
货船,NA,NA,NA,NA,194,18129,1
岩石,1.346154,6.313 ,5.955 ,1.933 ,1058,25502,2
把手,2.115385,NA,NA,NA,435,21644,1
办公室,NA,NA,NA,NA,17534,37695,1
树木,NA,3.538 ,6.000 ,2.000 ,391,21173,2
吐司,NA,NA,NA,NA,NA,NA,6
夹克,NA,NA,NA,NA,1654,27443,47
母羊,NA,NA,NA,NA,NA,NA,1
男孩们,NA,NA,NA,NA,NA,NA,2
修车厂,NA,NA,NA,NA,NA,NA,1
粉,NA,NA,NA,NA,1601,273,1
玩水,NA,NA,NA,NA,NA,NA,1
冲浪者,NA,NA,NA,NA,NA,NA,27
滑雪玩家,NA,NA,NA,NA,NA,NA,1
花瓣,1.516129,NA,NA,NA,253,19294,9
炖肉,NA,NA,NA,NA,NA,NA,1
检查床,NA,NA,NA,NA,NA,NA,1
遮雨棚,NA,NA,NA,NA,NA,NA,1
小路,NA,NA,NA,NA,495,22201,4
临时搭建篷,NA,NA,NA,NA,NA,NA,1
房子,NA,4.100 ,5.955 ,1.467 ,24512,3915,560
种,NA,NA,NA,NA,3,0,1
车斗,NA,NA,NA,NA,9,4771,2
巧克力,NA,NA,NA,NA,5047,32287,2
浴室水龙头,NA,NA,NA,NA,NA,NA,1
棒球接球手,NA,NA,NA,NA,NA,NA,2
罗马时钟,NA,NA,NA,NA,NA,NA,1
人群,NA,6.000 ,5.636 ,3.067 ,1854,27938,10
烧烤摊,NA,NA,NA,NA,NA,NA,1
椅背,1.884615,NA,NA,NA,39,11139,2
乳白甜点,NA,NA,NA,NA,NA,NA,1
手提箱,NA,NA,NA,NA,432,21614,1
牛拆,NA,NA,NA,NA,NA,NA,1
烩面,NA,NA,NA,NA,NA,NA,1
食物餐车,NA,NA,NA,NA,NA,NA,1
孕妇,1.428571,NA,NA,NA,534,22529,5
商标牌,NA,NA,NA,NA,NA,NA,1
学步的儿童,NA,NA,NA,NA,NA,NA,1
小贩,NA,NA,NA,NA,164,17404,1
尾灯,1.777778,NA,NA,NA,149,1699,1
西装领带,NA,NA,NA,NA,NA,NA,5
巴士,1.357143,NA,NA,NA,1321,26464,64
猫脚,NA,NA,NA,NA,NA,NA,1
滑翔翼,NA,NA,NA,NA,NA,NA,2
帐,NA,NA,NA,NA,6036,33064,3
僧衣,NA,NA,NA,NA,NA,NA,1
夹子,NA,NA,NA,NA,238,19031,1
帽了,NA,NA,NA,NA,NA,NA,1
新郎,NA,NA,NA,NA,933,24955,1
烤蛋糕,NA,NA,NA,NA,NA,NA,1
驼鹿,NA,NA,NA,NA,14,16721,4
切蛋糕,NA,NA,NA,NA,NA,NA,1
滑板选手,NA,NA,NA,NA,NA,NA,2
划船队,NA,NA,NA,NA,NA,NA,1
接球员,NA,NA,NA,NA,NA,NA,3
烹饪,1.692308,NA,NA,NA,686,23617,1
烤肉架,NA,NA,NA,NA,NA,NA,3
工作,2.366667,3.500 ,6.045 ,2.636 ,89997,44799,1
鏡子,NA,NA,NA,NA,NA,NA,1
奶酪,NA,NA,NA,NA,2546,29315,5
路,NA,NA,NA,NA,20846,38447,18
猎鹰,NA,NA,NA,NA,247,19191,1
枕头,1.269231,3.667 ,6.591 ,2.455 ,1452,26875,4
奶奶,NA,3.769 ,6.476 ,1.067 ,5694,3281,1
滑雪者,NA,NA,NA,NA,NA,NA,25
包子,NA,5.571 ,6.143 ,1.857 ,78,1415,11
货物,NA,4.000 ,5.350 ,2.286 ,706,23747,1
香蕉花,NA,NA,NA,NA,NA,NA,1
剪刀,1.457143,NA,NA,NA,116,25899,2
玻璃门,NA,NA,NA,NA,NA,NA,1
睡衣,1.416667,NA,NA,NA,1049,25465,25
滑雪客,NA,NA,NA,NA,NA,NA,1
柜,NA,NA,NA,NA,6,301,1
通心粉,NA,NA,NA,NA,334,20492,15
玻璃碗,NA,NA,NA,NA,NA,NA,2
刀子,NA,3.500 ,5.818 ,1.417 ,1046,25453,22
商店,1.615385,6.250 ,6.182 ,1.727 ,3649,30878,18
兰花,1.12,NA,NA,NA,408,21367,2
箱子,1.608696,3.600 ,6.091 ,1.214 ,4486,31775,7
给姿势,NA,NA,NA,NA,NA,NA,1
梨,NA,NA,NA,NA,498,22227,1
饭店,NA,4.417 ,6.364 ,1.692 ,1923,28096,23
算盘,1.805556,5.250 ,6.318 ,2.643 ,95,15051,1
警察车,NA,NA,NA,NA,NA,NA,1
母鸡,1.24,NA,NA,NA,182,17853,3
电话架,NA,NA,NA,NA,NA,NA,1
骷颅头,NA,NA,NA,NA,NA,NA,1
塑料船,NA,NA,NA,NA,NA,NA,1
水盆,NA,NA,NA,NA,NA,NA,1
炒牛肉,NA,NA,NA,NA,NA,NA,1
鼠标,NA,NA,NA,NA,51,12304,5
毕业服,NA,NA,NA,NA,NA,NA,1
狗雕塑,NA,NA,NA,NA,NA,NA,1
秃头男,NA,NA,NA,NA,NA,NA,1
乳羊,NA,NA,NA,NA,NA,NA,1
烧烤,1.896552,NA,NA,NA,859,24594,51
四轮车,NA,NA,NA,NA,NA,NA,1
塔,NA,NA,NA,NA,417,31458,23
下巴,NA,NA,NA,NA,1169,25933,3
洗脸盆,NA,NA,NA,NA,NA,NA,1
捕手,NA,NA,NA,NA,NA,NA,12
停车房,NA,NA,NA,NA,NA,NA,1
光头,1.269231,NA,NA,NA,447,21761,1
泰迪熊,NA,NA,NA,NA,NA,NA,4
座椅背,NA,NA,NA,NA,NA,NA,1
泰,NA,NA,NA,NA,2218,28716,2
划艇队,NA,NA,NA,NA,NA,NA,1
鸡排,NA,NA,NA,NA,NA,NA,6
背包,NA,NA,NA,NA,891,24757,6
橱窗,1.076923,NA,NA,NA,31,2017,2
圣诞,1.958333,NA,NA,NA,6179,33166,1
火腿,1.076923,NA,NA,NA,787,24216,1
生日女,NA,NA,NA,NA,NA,NA,1
狗脸,NA,NA,NA,NA,NA,NA,1
橡皮艇,NA,NA,NA,NA,39,11139,4
收,NA,NA,NA,NA,9649,35101,1
碗,NA,NA,NA,NA,2429,29112,156
打伞的女人,NA,NA,NA,NA,NA,NA,1
晚饭,1.826087,5.750 ,6.545 ,1.600 ,4808,32076,1
唱歌,1.730769,NA,NA,NA,4743,32017,1
包,NA,NA,NA,NA,11173,35738,26
衬衫,1.357143,6.000 ,6.429 ,2.800 ,2528,29284,123
大头菜,NA,NA,NA,NA,24,9031,1
董事会,NA,NA,NA,NA,1222,26128,1
开花的树,NA,NA,NA,NA,NA,NA,1
工作车,NA,NA,NA,NA,NA,NA,1
餐台,NA,NA,NA,NA,NA,NA,1
狗猫,NA,NA,NA,NA,NA,NA,2
面食,NA,NA,NA,NA,3,1,1
小孩,1.807692,NA,NA,NA,11503,35865,422
大钟,NA,NA,NA,NA,3,0,1
乒乓球台,NA,NA,NA,NA,9,4771,1
牌匾,1.423077,NA,NA,NA,3,0,1
标语,2.043478,4.083 ,5.591 ,2.071 ,376,21004,1
楼面,NA,NA,NA,NA,NA,NA,1
空缺,3.107143,NA,NA,NA,396,21239,1
男人与狗,NA,NA,NA,NA,NA,NA,1
女士们先生们,NA,NA,NA,NA,NA,NA,1
搞点,NA,NA,NA,NA,NA,NA,1
鹦鹉,1.222222,NA,NA,NA,379,21038,44
滤水壶,NA,NA,NA,NA,NA,NA,1
墨镜,NA,NA,NA,NA,325,20374,5
吹风机,NA,NA,NA,NA,137,16628,1
裙子,1.681818,5.300 ,5.318 ,1.867 ,3467,30656,240
服装,1.541667,5.417 ,6.227 ,1.786 ,2713,2959,8
商铺,NA,NA,NA,NA,3,1,1
糊糊,NA,NA,NA,NA,21,8451,1
篮球运动员,NA,NA,NA,NA,NA,NA,1
茶几,1.333333,NA,NA,NA,72,13802,13
饭馆,NA,NA,NA,NA,188,17993,2
踢足球踢足球,NA,NA,NA,NA,NA,NA,1
武士,2,NA,NA,NA,1443,26848,1
话,NA,NA,NA,NA,118939,4601,3
自拍照,NA,NA,NA,NA,NA,NA,1
有球拍的男孩,NA,NA,NA,NA,NA,NA,1
鱼,NA,NA,NA,NA,7548,34035,1
浴袍,NA,NA,NA,NA,NA,NA,44
胖子,2.038462,NA,NA,NA,20,28267,1
烧烤架,NA,NA,NA,NA,NA,NA,14
王球员,NA,NA,NA,NA,NA,NA,2
锅,NA,NA,NA,NA,1028,25378,1
鹿,NA,NA,NA,NA,1547,27152,7
桌布,1.130435,NA,NA,NA,134,16532,4
螃蟹,1.083333,NA,NA,NA,608,23096,4
夹心饼,NA,NA,NA,NA,NA,NA,1
观光车,NA,NA,NA,NA,NA,NA,1
公寓,NA,NA,NA,NA,8066,34323,1
快餐,1.516129,NA,NA,NA,376,21004,3
热狗肠,NA,NA,NA,NA,NA,NA,1
黑车,NA,NA,NA,NA,3,1,1
印第安帐篷,NA,NA,NA,NA,NA,NA,1
小宝宝,NA,NA,NA,NA,396,21239,1
公文包,NA,NA,NA,NA,471,21987,1
蓝色夹克,NA,NA,NA,NA,NA,NA,1
西斯武士,NA,NA,NA,NA,NA,NA,1
上一,NA,NA,NA,NA,NA,NA,1
童装,NA,NA,NA,NA,15,699,3
布料,1.774194,NA,NA,NA,265,19494,1
皮卡车,NA,NA,NA,NA,NA,NA,2
健身球,NA,NA,NA,NA,3,0,1
婚车,NA,NA,NA,NA,NA,NA,1
青柠檬,NA,NA,NA,NA,NA,NA,1
烤面包,NA,NA,NA,NA,NA,NA,1
主食,NA,NA,NA,NA,18,7782,1
面包类,NA,NA,NA,NA,NA,NA,1
德士,NA,NA,NA,NA,NA,NA,2
鸟的脚,NA,NA,NA,NA,NA,NA,1
短袖衫,NA,NA,NA,NA,NA,NA,2
猫食,NA,NA,NA,NA,NA,NA,1
朋友们,NA,NA,NA,NA,NA,NA,1
生病的女人,NA,NA,NA,NA,NA,NA,1
菜菜,NA,NA,NA,NA,NA,NA,1
凉棚,NA,NA,NA,NA,6,301,5
水管道,NA,NA,NA,NA,NA,NA,1
海马,1.689655,NA,NA,NA,8,14314,1
雪糕,1.115385,NA,NA,NA,176,17709,2
走路廊,NA,NA,NA,NA,NA,NA,1
水果粥,NA,NA,NA,NA,NA,NA,1
小便池,NA,NA,NA,NA,NA,NA,10
民间,NA,6.846 ,4.864 ,3.200 ,307,20128,1
通粉,NA,NA,NA,NA,NA,NA,1
烧烤炉,NA,NA,NA,NA,NA,NA,11
僧袍,NA,NA,NA,NA,NA,NA,1
舞台,1.84,5.000 ,6.045 ,1.500 ,5697,32813,2
篷顶,NA,NA,NA,NA,NA,NA,1
接球手,NA,NA,NA,NA,NA,NA,6
花坛,NA,NA,NA,NA,24,9031,1
太阳花,NA,NA,NA,NA,NA,NA,4
盆,NA,NA,NA,NA,629,23243,15
床上桌,NA,NA,NA,NA,NA,NA,2
夹心,2.84,NA,NA,NA,191,18062,2
面具,2.086957,NA,NA,NA,1994,28254,3
事故,2.129032,4.545 ,6.955 ,2.692 ,4284,31575,1
起重车,NA,NA,NA,NA,NA,NA,1
车脸,NA,NA,NA,NA,NA,NA,1
女网运动员,NA,NA,NA,NA,NA,NA,2
头盔冲浪者,NA,NA,NA,NA,NA,NA,1
麻雀,1.153846,5.500 ,5.409 ,2.267 ,176,17709,1
女士们,NA,NA,NA,NA,NA,NA,2
飞盘,NA,NA,NA,NA,NA,NA,4
甜甜圈女人,NA,NA,NA,NA,NA,NA,1
安全装,NA,NA,NA,NA,NA,NA,1
旅行车,NA,NA,NA,NA,212,18513,6
乒乓桌,NA,NA,NA,NA,NA,NA,2
船夫,NA,NA,NA,NA,48,12041,1
架子床,NA,NA,NA,NA,NA,NA,1
游戏,NA,4.700 ,6.182 ,1.455 ,17087,37583,1
酒醉,NA,NA,NA,NA,NA,NA,2
鸟,NA,NA,NA,NA,9,4771,387
照片点击,NA,NA,NA,NA,NA,NA,1
汽车尾部,NA,NA,NA,NA,NA,NA,1
数,NA,NA,NA,NA,8069,34325,1
装饰狗,NA,NA,NA,NA,NA,NA,1
少考,NA,NA,NA,NA,NA,NA,1
爸爸,NA,5.000 ,6.818 ,1.308 ,65372,4341,1
玫瑰,1.25,NA,NA,NA,1753,27694,7
车前盖,NA,NA,NA,NA,NA,NA,7
手套,NA,6.333 ,6.000 ,1.417 ,2015,28299,28
木船,1.153846,NA,NA,NA,15,699,2
店铺,1.851852,NA,NA,NA,361,20828,30
开会,1.875,3.600 ,6.091 ,2.571 ,1708,27582,1
背心,1.916667,5.462 ,4.727 ,2.667 ,411,21399,19
放风筝的女孩,NA,NA,NA,NA,NA,NA,1
小熊,NA,NA,NA,NA,8,14314,7
篷子,NA,NA,NA,NA,NA,NA,2
平躺,NA,NA,NA,NA,57,12788,1
洗手台,NA,NA,NA,NA,NA,NA,1
蛋饼,NA,NA,NA,NA,NA,NA,3
鸡蛋黄,NA,NA,NA,NA,NA,NA,1
游戏杆,NA,NA,NA,NA,NA,NA,1
垃圾,2.259259,5.308 ,5.952 ,1.933 ,7408,33953,3
运动的,NA,NA,NA,NA,NA,NA,1
厨具,NA,NA,NA,NA,63,13222,2
餐食,NA,NA,NA,NA,NA,NA,2
蝙蝠,1.521739,NA,NA,NA,1338,26522,1
座位,1.538462,5.556 ,5.524 ,1.333 ,265,29489,11
比萨比萨,NA,NA,NA,NA,NA,NA,2
滑雪教练,NA,NA,NA,NA,NA,NA,1
猪排,NA,NA,NA,NA,274,19638,1
棒球手套,NA,NA,NA,NA,NA,NA,3
烤架,NA,NA,NA,NA,NA,NA,16
网袜,NA,NA,NA,NA,NA,NA,1
饮料,NA,NA,NA,NA,2808,29741,6
天主教大教堂,NA,NA,NA,NA,NA,NA,1
水鸟,NA,NA,NA,NA,NA,NA,2
轮胎,1.304348,NA,NA,NA,1556,27177,5
办公台,NA,NA,NA,NA,NA,NA,1
壁橱,NA,NA,NA,NA,668,23502,1
门面房,NA,NA,NA,NA,NA,NA,1
斯卡特,NA,NA,NA,NA,21,8451,1
肉丸,2.045455,NA,NA,NA,277,19685,1
床垫,1.2,NA,NA,NA,423,21523,4
魔方,NA,NA,NA,NA,92,14914,2
手掌,1.346154,NA,NA,NA,385,21106,1
甜粉,NA,NA,NA,NA,NA,NA,1
红袍,NA,NA,NA,NA,NA,NA,3
杂物堆放处,NA,NA,NA,NA,NA,NA,1
滑板运动员,NA,NA,NA,NA,NA,NA,2
棒球盔,NA,NA,NA,NA,NA,NA,1
恤衫,NA,NA,NA,NA,149,1699,1
背心裙,NA,NA,NA,NA,NA,NA,1
智能手机女士,NA,NA,NA,NA,NA,NA,1
大人,2.555556,5.231 ,5.591 ,1.867 ,8299,34447,9
武器,2,5.357 ,5.810 ,3.000 ,10892,35628,1
瓶,NA,NA,NA,NA,5929,32986,2
床铺,NA,6.333 ,5.136 ,1.857 ,152,17076,3
仓库,1.434783,4.500 ,5.429 ,2.100 ,2119,28519,3
乘客,1.653846,5.778 ,5.636 ,1.667 ,1857,27945,1
体恤衫,NA,NA,NA,NA,27,9542,4
狗,NA,NA,NA,NA,35199,40722,527
袍子,1.914286,NA,NA,NA,224,18751,4
狗熊,NA,NA,NA,NA,173,17634,4
球棒,NA,NA,NA,NA,NA,NA,1
野鸟,NA,NA,NA,NA,NA,NA,1
没家的人,NA,NA,NA,NA,NA,NA,1
炒鸡蛋,NA,NA,NA,NA,NA,NA,2
码头,1.580645,5.300 ,5.318 ,2.909 ,2116,28513,18
老车,NA,NA,NA,NA,3,0,2
盖子,NA,4.231 ,5.318 ,1.900 ,349,20682,2
汽车桌椅,NA,NA,NA,NA,NA,NA,1
鸭子,NA,5.333 ,6.318 ,1.929 ,1324,26474,5
笔记本电脑和办公桌,NA,NA,NA,NA,NA,NA,1
橄榄球运动员,NA,NA,NA,NA,NA,NA,3
滑浪板,NA,NA,NA,NA,NA,NA,1
正餐,1.807692,NA,NA,NA,134,16532,1
细胞,1.972222,3.417 ,6.045 ,3.071 ,1419,26776,1
骑车,NA,NA,NA,NA,638,23304,1
沙拉,NA,NA,NA,NA,1413,26758,26
钟楼,1.448276,NA,NA,NA,149,1699,15
牛肉,1.137931,NA,NA,NA,1604,27308,3
座子,NA,NA,NA,NA,6,301,16
西装,1.416667,NA,NA,NA,1717,27604,156
刀擦刀擦,NA,NA,NA,NA,NA,NA,1
舞蹈,1.923077,NA,NA,NA,8388,34493,1
飞机清洁工,NA,NA,NA,NA,NA,NA,1
笔记本,NA,NA,NA,NA,1177,25966,1
瓶子,NA,5.300 ,5.545 ,1.467 ,1496,27007,2
棒球选手,NA,NA,NA,NA,NA,NA,28
销售员,NA,NA,NA,NA,331,20453,1
袜子,1.2,6.100 ,6.273 ,3.000 ,1565,27202,1
桌子,1.296296,5.923 ,6.524 ,1.833 ,4892,32151,594
拌饭,NA,NA,NA,NA,NA,NA,1
休旅车,NA,NA,NA,NA,NA,NA,2
折叠桌,NA,NA,NA,NA,NA,NA,1
冲浪板,NA,NA,NA,NA,NA,NA,5
杯子蛋糕,NA,NA,NA,NA,NA,NA,7
度假,2,NA,NA,NA,2122,28525,1
柠檬,1.130435,NA,NA,NA,966,25105,9
商人,1.766667,5.083 ,5.455 ,1.857 ,118,25977,1
仙女,3.458333,5.077 ,5.818 ,1.500 ,662,23464,1
特务西装,NA,NA,NA,NA,NA,NA,1
手指,1.4,4.500 ,6.955 ,1.500 ,2993,30017,1
鹮,NA,NA,NA,NA,NA,NA,1
大众汽车,NA,NA,NA,NA,NA,NA,1
蔬菜水果,NA,NA,NA,NA,NA,NA,1
鼠标垫,NA,NA,NA,NA,NA,NA,5
鹦鹉玩具,NA,NA,NA,NA,NA,NA,2
泳镜,1.4,NA,NA,NA,3,0,1
电动车,NA,NA,NA,NA,63,13222,1
庙,NA,NA,NA,NA,289,19868,2
修理厂,NA,NA,NA,NA,116,15911,1
店牌,NA,NA,NA,NA,NA,NA,1
狗的脚,NA,NA,NA,NA,NA,NA,1
布偶,NA,NA,NA,NA,NA,NA,2
河景,NA,NA,NA,NA,NA,NA,1
男子网球运动员,NA,NA,NA,NA,NA,NA,2
花朵,NA,4.308 ,5.955 ,1.067 ,361,20828,36
大楼,1.347826,NA,NA,NA,3655,30885,23
报考志愿,NA,NA,NA,NA,NA,NA,1
倒影,2.321429,NA,NA,NA,146,16902,2
网,NA,NA,NA,NA,3,0,1
毕业礼服,NA,NA,NA,NA,NA,NA,1
高架桥,NA,NA,NA,NA,24,9031,3
甜甜圈饼,NA,NA,NA,NA,NA,NA,1
年轻人,NA,NA,NA,NA,4519,31807,3
飞碟,2.115385,NA,NA,NA,262,19445,1
跑车,NA,NA,NA,NA,468,21959,4
向日葵,NA,NA,NA,NA,316,20253,19
刨冰,1.833333,NA,NA,NA,42,11461,1
手柄,NA,NA,NA,NA,146,16902,2
炖菜,NA,NA,NA,NA,NA,NA,1
小牛,NA,NA,NA,NA,113,15798,1
公交车,NA,NA,NA,NA,NA,NA,25
面饼,NA,NA,NA,NA,NA,NA,2
摩特车,NA,NA,NA,NA,NA,NA,1
帐篷里的猫,NA,NA,NA,NA,NA,NA,1
牛奶,1.307692,2.538 ,6.773 ,1.867 ,2647,29484,1
烧烤机,NA,NA,NA,NA,NA,NA,1
女,NA,NA,NA,NA,2487,39213,22
夫妻,1.5,4.214 ,5.773 ,2.786 ,1884,28007,6
菜刀,1.230769,NA,NA,NA,57,12788,3
冰激淋,NA,NA,NA,NA,NA,NA,1
喷射机,NA,NA,NA,NA,NA,NA,1
烧毁的巴士,NA,NA,NA,NA,NA,NA,1
酒店,NA,NA,NA,NA,6144,33141,8
冲浪手,NA,NA,NA,NA,NA,NA,6
男青年,NA,NA,NA,NA,NA,NA,3
厢式货车,NA,NA,NA,NA,NA,NA,1
卫衣,NA,NA,NA,NA,NA,NA,13
父亲,1.333333,4.111 ,7.000 ,1.182 ,36961,40934,4
滑板坡,NA,NA,NA,NA,NA,NA,1
胳膊,1.08,4.000 ,6.455 ,1.143 ,2522,29274,3
陶制品,NA,NA,NA,NA,NA,NA,1
车头盖,NA,NA,NA,NA,NA,NA,5
婆婆,1.419355,3.308 ,5.727 ,2.933 ,513,22355,2
猫头鹰,NA,NA,NA,NA,426,21553,1
担纲,NA,NA,NA,NA,3,0,1
数字,1.695652,4.750 ,6.318 ,1.308 ,4248,31538,3
女性,NA,3.786 ,6.238 ,2.875 ,62,33181,112
体育运动员,NA,NA,NA,NA,NA,NA,3
小溪,NA,NA,NA,NA,337,20531,1
飞机,1.36,3.900 ,6.227 ,1.600 ,14964,37007,558
脑袋,NA,4.750 ,5.955 ,1.929 ,6454,33355,1
运输卡车,NA,NA,NA,NA,NA,NA,1
救生员吉普车,NA,NA,NA,NA,NA,NA,1
飞机模型,NA,NA,NA,NA,NA,NA,1
冲浪人,NA,NA,NA,NA,NA,NA,1
胡萝卜,NA,NA,NA,NA,671,23522,4
象征,3.884615,3.214 ,5.227 ,2.667 ,1258,26253,1
牛像,NA,NA,NA,NA,NA,NA,1
预感,3.653846,NA,NA,NA,1365,26609,1
婚礼长裙,NA,NA,NA,NA,NA,NA,1
港口,1.434783,5.462 ,5.667 ,3.273 ,885,24728,4
挺,NA,NA,NA,NA,22664,3881,1
超市,1.514286,NA,NA,NA,1312,26435,2
短袖衬衣,NA,NA,NA,NA,NA,NA,2
通道,NA,3.444 ,5.409 ,2.182 ,1854,27938,2
房间,1.62963,4.800 ,5.818 ,1.462 ,21487,38578,2
鸡扒,NA,NA,NA,NA,NA,NA,2
运动服,NA,NA,NA,NA,167,17482,8
床边,NA,NA,NA,NA,NA,NA,1
黄油,NA,3.500 ,5.045 ,3.091 ,864,24624,1
领带,1.346154,NA,NA,NA,1523,27084,27
运输船,NA,NA,NA,NA,21,8451,1
蕃茄酱,NA,NA,NA,NA,NA,NA,2
写字台,NA,NA,NA,NA,45,11761,3
院子,NA,3.833 ,6.364 ,1.571 ,1133,25798,1
滑雪手,NA,NA,NA,NA,NA,NA,1
罐头,1.666667,5.333 ,5.476 ,2.071 ,599,23032,1
脸盆,NA,NA,NA,NA,12,6021,1
色拉,NA,NA,NA,NA,361,20828,1
勋章,2,NA,NA,NA,894,24771,1
葡萄,1.565217,3.615 ,6.636 ,1.933 ,709,23766,1
计程车,NA,NA,NA,NA,721,23838,3
滑坡,NA,NA,NA,NA,3,1,1
羊屁股,NA,NA,NA,NA,NA,NA,1
套装,2.096774,NA,NA,NA,489,22148,13
油炸圈饼,NA,NA,NA,NA,NA,NA,2
热带鸟,NA,NA,NA,NA,NA,NA,1
短衫,NA,NA,NA,NA,NA,NA,1
奔驰,2.030303,5.833 ,5.727 ,3.182 ,462,21903,1
三明治,NA,NA,NA,NA,3422,30599,25
批萨,NA,NA,NA,NA,NA,NA,1
笔记本电脑桌,NA,NA,NA,NA,NA,NA,1
设备,2.178571,5.938 ,6.455 ,2.200 ,33,30441,1
玻璃,1.258065,2.778 ,6.273 ,1.750 ,3377,30542,5
琴,NA,NA,NA,NA,936,24969,1
村,NA,NA,NA,NA,1553,27168,1
肉饼,NA,NA,NA,NA,274,19638,2
宝,NA,NA,NA,NA,2328,28927,1
垫子,NA,NA,NA,NA,45,2179,4
汽车座椅,NA,NA,NA,NA,NA,NA,1
外国男子,NA,NA,NA,NA,NA,NA,1
清洁人员,NA,NA,NA,NA,NA,NA,1
铁窗,NA,NA,NA,NA,78,1415,1
公牛,1.703704,NA,NA,NA,474,22014,4
奶,NA,NA,NA,NA,2313,28899,1
餐盘,NA,NA,NA,NA,63,13222,1
西装打领带,NA,NA,NA,NA,NA,NA,1
宅邸,NA,NA,NA,NA,122,16128,1
货车箱,NA,NA,NA,NA,NA,NA,1
公仔,NA,NA,NA,NA,NA,NA,1
老头子,NA,NA,NA,NA,724,23856,1
休息点,NA,NA,NA,NA,NA,NA,1
肥肉,NA,NA,NA,NA,221,18692,1
费劲,NA,NA,NA,NA,414,2143,1
西装外套,NA,NA,NA,NA,NA,NA,3
小屋,NA,NA,NA,NA,1341,26532,7
工作人员,NA,NA,NA,NA,NA,NA,1
猫碗,NA,NA,NA,NA,NA,NA,1
青菜,NA,6.000 ,5.682 ,1.385 ,6,1301,2
运输机,NA,NA,NA,NA,11,15682,1
衣领,NA,NA,NA,NA,158,17243,18
剃毛,NA,NA,NA,NA,NA,NA,1
衣服,1.551724,4.250 ,6.364 ,1.857 ,24235,39101,692
厨台,NA,NA,NA,NA,NA,NA,1
祖母,NA,5.923 ,6.045 ,1.333 ,172,27612,1
便装,NA,NA,NA,NA,69,13617,1
门牌,1.461538,NA,NA,NA,63,13222,4
轮椅,NA,NA,NA,NA,113,25786,2
绿碗,NA,NA,NA,NA,NA,NA,1
故宫,NA,NA,NA,NA,NA,NA,1
铜狗,NA,NA,NA,NA,NA,NA,1
滑水,NA,NA,NA,NA,NA,NA,2
门牌号码,NA,NA,NA,NA,NA,NA,1
草莓,1.115385,NA,NA,NA,951,25038,21
胸罩,NA,NA,NA,NA,748,23997,1
棍子,NA,5.417 ,5.136 ,2.571 ,802,24298,1
网球球员,NA,NA,NA,NA,NA,NA,1
公园的长椅上,NA,NA,NA,NA,NA,NA,3
女人们,NA,NA,NA,NA,NA,NA,2
鼠,NA,NA,NA,NA,1651,27435,6
船坞,1.8,NA,NA,NA,203,18325,3
后视镜,NA,NA,NA,NA,137,16628,57
人的上半身,NA,NA,NA,NA,NA,NA,1
生活必需品,NA,NA,NA,NA,NA,NA,1
古董车,NA,NA,NA,NA,NA,NA,1
旅馆床,NA,NA,NA,NA,NA,NA,1
玩具狗,NA,NA,NA,NA,NA,NA,8
橄榄球衣,NA,NA,NA,NA,NA,NA,1
三文治,NA,NA,NA,NA,6,301,5
橄榄球员,NA,NA,NA,NA,NA,NA,1
焦糖奶泡,NA,NA,NA,NA,NA,NA,1
滑冰女孩,NA,NA,NA,NA,NA,NA,1
酒吧,1.28,NA,NA,NA,8847,34725,1
炸鸡三文治,NA,NA,NA,NA,NA,NA,1
马夹,NA,NA,NA,NA,NA,NA,2
背行,NA,NA,NA,NA,NA,NA,1
盆子,NA,NA,NA,NA,92,14914,7
旅馆,1.5,4.714 ,5.905 ,2.400 ,5133,3236,1
国防部大楼,NA,NA,NA,NA,NA,NA,1
人物,NA,5.143 ,6.318 ,3.063 ,6004,33041,1
小木屋,NA,NA,NA,NA,NA,NA,2
老鹰,NA,NA,NA,NA,748,23997,9
背包男,NA,NA,NA,NA,NA,NA,1
摄影师,NA,NA,NA,NA,2227,28733,1
标签,2.043478,NA,NA,NA,1002,25263,2
酱料,NA,NA,NA,NA,NA,NA,5
儿童桌,NA,NA,NA,NA,NA,NA,1
滑雪运动员,NA,NA,NA,NA,NA,NA,11
汽车架,NA,NA,NA,NA,NA,NA,1
披萨女人,NA,NA,NA,NA,NA,NA,1
面高,NA,NA,NA,NA,NA,NA,1
车座,NA,NA,NA,NA,92,14914,1
音乐家,NA,NA,NA,NA,635,23284,1
轮滑弯道,NA,NA,NA,NA,NA,NA,1
刀把,NA,NA,NA,NA,6,1301,1
西兰花,NA,NA,NA,NA,NA,NA,1
冰淇凌,NA,NA,NA,NA,NA,NA,1
香肠,NA,4.750 ,4.474 ,2.818 ,1192,26021,13
路面,NA,NA,NA,NA,161,17324,1
手,NA,NA,NA,NA,44744,41764,27
长裙,NA,NA,NA,NA,8,14314,1
大衣,NA,5.231 ,6.333 ,2.500 ,969,25119,7
塔可,NA,NA,NA,NA,NA,NA,1
酒桌,NA,NA,NA,NA,NA,NA,2
打扫,NA,5.750 ,6.500 ,1.500 ,2218,28716,1
烤箱,NA,NA,NA,NA,584,22923,1
网球拍与男孩,NA,NA,NA,NA,NA,NA,1
饭菜,1.7,NA,NA,NA,325,20374,1
合照,2.086957,NA,NA,NA,3,0,2
熊仔饼,NA,NA,NA,NA,NA,NA,1
出租车,NA,NA,NA,NA,4537,31824,24
猫猫,NA,NA,NA,NA,NA,NA,1
镇,NA,NA,NA,NA,4728,32003,2
福特,NA,NA,NA,NA,897,24786,1
滑雪板老兄的脚,NA,NA,NA,NA,NA,NA,1
女人,NA,6.083 ,6.318 ,1.231 ,4289,4158,860
行李架,NA,NA,NA,NA,15,699,1
男人,1.230769,4.308 ,6.182 ,1.462 ,34603,40648,737
网球拍,NA,NA,NA,NA,45,11761,5
胸牌,NA,NA,NA,NA,NA,NA,1
皮艇,NA,NA,NA,NA,69,13617,5
有球拍的人,NA,NA,NA,NA,NA,NA,1
餐具,NA,NA,NA,NA,37,20934,12
婚礼,1.833333,NA,NA,NA,10079,3529,1
披萨饼,NA,NA,NA,NA,NA,NA,9
手按在小孩子的头上,NA,NA,NA,NA,NA,NA,1
挎包,NA,NA,NA,NA,NA,NA,1
河马,1.423077,NA,NA,NA,206,18388,1
麦芬,NA,NA,NA,NA,NA,NA,1
棉服,NA,NA,NA,NA,NA,NA,1
绒毛玩具,NA,NA,NA,NA,NA,NA,1
操场,1.194444,3.273 ,6.455 ,1.176 ,414,2143,1
肠,NA,NA,NA,NA,635,23284,1
游戏手控,NA,NA,NA,NA,NA,NA,1
火车站,NA,NA,NA,NA,701,23711,2
连身裙,NA,NA,NA,NA,NA,NA,1
键盘和鼠标,NA,NA,NA,NA,NA,NA,1
校巴,NA,NA,NA,NA,NA,NA,2
便利店,NA,NA,NA,NA,NA,NA,1
躯干,NA,NA,NA,NA,122,16128,3
划水板,NA,NA,NA,NA,NA,NA,1
沔阳,NA,NA,NA,NA,NA,NA,1
军机,NA,NA,NA,NA,21,8451,1
披风,NA,NA,NA,NA,224,18751,1
风筝情侣,NA,NA,NA,NA,NA,NA,1
旗子,NA,5.214 ,5.091 ,1.750 ,331,20453,2
鼠标键盘,NA,NA,NA,NA,NA,NA,1
客户,NA,NA,NA,NA,6463,33361,1
大巴,NA,NA,NA,NA,259,19395,13
办公桌,NA,NA,NA,NA,513,22355,30
屋檐,NA,NA,NA,NA,271,1959,1
抛锚的车,NA,NA,NA,NA,NA,NA,1
羽绒服,NA,NA,NA,NA,6,301,3
厕所,1.230769,5.889 ,5.864 ,2.333 ,5014,32258,9
女孩,1.346154,NA,NA,NA,39339,41205,561
宠物与主人,NA,NA,NA,NA,NA,NA,1
杯蛋糕,NA,NA,NA,NA,NA,NA,3
串,NA,NA,NA,NA,1163,25911,1
摩托车者,NA,NA,NA,NA,NA,NA,1
滑雪人,NA,NA,NA,NA,NA,NA,3
老爷车,NA,NA,NA,NA,89,14771,2
亚洲人,NA,NA,NA,NA,NA,NA,1
甜圏,NA,NA,NA,NA,NA,NA,1
女热,NA,NA,NA,NA,NA,NA,1
饭桌,NA,NA,NA,NA,113,15798,2
帆布,1.666667,NA,NA,NA,122,16128,1
圈子,3.457143,3.000 ,6.000 ,3.412 ,954,25051,1
卡車,NA,NA,NA,NA,NA,NA,1
汤碗汤碗,NA,NA,NA,NA,NA,NA,1
猫,NA,NA,NA,NA,9,4771,24
外衣,1.657143,2.929 ,5.591 ,2.813 ,465,21931,11
带伞的婴儿,NA,NA,NA,NA,NA,NA,1
袖子,NA,5.700 ,5.455 ,1.667 ,486,22122,1
狗模型,NA,NA,NA,NA,NA,NA,1
窗边,NA,NA,NA,NA,NA,NA,1
西蓝花,NA,NA,NA,NA,NA,NA,1
外层,NA,NA,NA,NA,78,1415,1
城墙,1.148148,NA,NA,NA,262,19445,5
踢球的足球运动员,NA,NA,NA,NA,NA,NA,1
圆饼,NA,NA,NA,NA,NA,NA,1
玩具熊,NA,NA,NA,NA,NA,NA,7
匕首,NA,NA,NA,NA,391,21173,3
水桶,1.166667,NA,NA,NA,134,16532,8
雪服,NA,NA,NA,NA,NA,NA,1
叉,NA,NA,NA,NA,632,23263,2
笔记本电脑,NA,NA,NA,NA,NA,NA,16
事物,NA,4.250 ,6.318 ,1.250 ,2376,29015,2
电脑桌,NA,NA,NA,NA,NA,NA,11
滑滑板,NA,NA,NA,NA,NA,NA,1
罗里,NA,NA,NA,NA,101,15315,1
滑浪选手,NA,NA,NA,NA,NA,NA,1
马尾巴,NA,NA,NA,NA,NA,NA,2
甜甜圈,NA,NA,NA,NA,NA,NA,26
蓬松的狗,NA,NA,NA,NA,NA,NA,1
烤肠,NA,NA,NA,NA,NA,NA,3
栅栏,1.583333,NA,NA,NA,56,22742,14
游玩,NA,NA,NA,NA,95,15051,2
木栅栏,NA,NA,NA,NA,NA,NA,1
滑板管,NA,NA,NA,NA,NA,NA,1
遥控器,NA,NA,NA,NA,563,22765,2
摆件,NA,NA,NA,NA,NA,NA,2
手臂,NA,NA,NA,NA,2486,29212,4
滑雪的人,NA,NA,NA,NA,NA,NA,1
被子,NA,6.000 ,5.619 ,1.818 ,37,20934,21
灯,NA,NA,NA,NA,12,6021,18
老婆婆,NA,NA,NA,NA,98,15185,1
猫咪,NA,NA,NA,NA,NA,NA,1
海鸟,NA,NA,NA,NA,36,10792,4
南瓜,1.172414,NA,NA,NA,894,24771,1
门牌号,NA,NA,NA,NA,45,11761,2
铁丝网,NA,NA,NA,NA,227,18808,1
蔬菜叶子,NA,NA,NA,NA,NA,NA,1
杯,NA,NA,NA,NA,22479,38774,8
光,NA,NA,NA,NA,11265,35774,2
旅客,NA,6.000 ,6.227 ,1.692 ,489,22148,1
靠背,NA,NA,NA,NA,27,9542,5
火车轨道,NA,NA,NA,NA,NA,NA,2
轨,NA,NA,NA,NA,265,19494,1
键盘,1.130435,NA,NA,NA,393,21206,6
鸡汉堡,NA,NA,NA,NA,NA,NA,1
骑马,NA,NA,NA,NA,984,25185,1
地下道,NA,NA,NA,NA,NA,NA,1
玩具,1.466667,4.000 ,5.714 ,2.200 ,3804,31059,51
弃船,NA,NA,NA,NA,NA,NA,1
图片,1.791667,NA,NA,NA,1353,26571,2
炒米饭,NA,NA,NA,NA,NA,NA,1
历史悠久的酒店,NA,NA,NA,NA,NA,NA,1
骑,NA,NA,NA,NA,4242,31532,1
美术家,NA,NA,NA,NA,6,301,1
飞行,2.043478,5.714 ,6.050 ,1.833 ,3127,30208,3
圈圈,NA,NA,NA,NA,167,17482,2
独木舟,NA,NA,NA,NA,113,15798,2
蛋卷,1.434783,NA,NA,NA,402,21303,2
歼击机,NA,NA,NA,NA,6,301,1
过街天桥,NA,NA,NA,NA,NA,NA,1
洗手间,NA,NA,NA,NA,2847,298,1
头发,1.608696,4.933 ,6.682 ,1.083 ,1179,35971,4
裙,NA,NA,NA,NA,838,24487,9
围栏,NA,NA,NA,NA,313,20212,5
水龙头,NA,NA,NA,NA,218,18633,11
奖状,NA,NA,NA,NA,45,11761,1
选手,1.68,NA,NA,NA,11125,35719,8
和服,1.692308,NA,NA,NA,206,18388,24
墙壁,1.32,6.385 ,6.318 ,1.444 ,704,23729,4
棚子,NA,NA,NA,NA,134,16532,20
屋頂,NA,NA,NA,NA,NA,NA,1
火炉,NA,NA,NA,NA,206,18388,2
熊人,NA,NA,NA,NA,NA,NA,1
笼子,1.384615,4.308 ,6.909 ,3.091 ,1014,25315,1
批塞,NA,NA,NA,NA,NA,NA,1
牛排刀,NA,NA,NA,NA,NA,NA,1
运动员孟菲尔斯,NA,NA,NA,NA,NA,NA,1
白布,NA,NA,NA,NA,15,699,1
书桌狗,NA,NA,NA,NA,NA,NA,1
海岸,1.884615,NA,NA,NA,2167,28615,1
过生日的人,NA,NA,NA,NA,NA,NA,1
炙烤,NA,NA,NA,NA,NA,NA,5
坐椅,1.391304,NA,NA,NA,9,4771,1
面子,NA,3.800 ,5.636 ,2.600 ,888,24742,2
女网选手,NA,NA,NA,NA,NA,NA,1
上下铺,NA,NA,NA,NA,NA,NA,1
行人道,NA,NA,NA,NA,NA,NA,1
炸鸡,1.458333,NA,NA,NA,388,21139,3
厨房,1.416667,4.692 ,5.905 ,2.417 ,4838,32103,3
皮肤,1.461538,4.700 ,5.864 ,2.333 ,3437,30618,1
可乐,1.346154,NA,NA,NA,1186,25999,2
道,NA,NA,NA,NA,11199,35748,1
桶,NA,NA,NA,NA,1669,27482,46
储物室,NA,NA,NA,NA,NA,NA,1
汽艇,NA,NA,NA,NA,6,1301,1
相机,1.275862,NA,NA,NA,1634,27388,2
偷窥,2.375,NA,NA,NA,566,22788,1
锚,NA,NA,NA,NA,238,19031,1
男女,1.875,NA,NA,NA,85,24548,1
阳伞,1.652174,NA,NA,NA,104,15441,6
牡丹,1.482759,NA,NA,NA,57,12788,1
弓,NA,NA,NA,NA,373,20969,2
迪士尼公主,NA,NA,NA,NA,NA,NA,1
婴儿,1.242424,4.714 ,5.850 ,2.000 ,42,31489,41
车站,1.645161,4.846 ,6.182 ,1.357 ,1625,27364,3
外套,NA,NA,NA,NA,2579,2937,65
塔楼,1.884615,NA,NA,NA,149,1699,6
蛋挞,NA,NA,NA,NA,NA,NA,1
浴衣,1.565217,NA,NA,NA,107,15563,16
鹦鹉娃娃,NA,NA,NA,NA,NA,NA,1
树,NA,NA,NA,NA,6409,33324,9
花盆,1.481481,NA,NA,NA,78,1415,2
蒲公英花,NA,NA,NA,NA,NA,NA,1
墙角,NA,NA,NA,NA,134,16532,3
邮政,NA,5.000 ,5.409 ,3.600 ,128,16335,1
棒球男孩,NA,NA,NA,NA,NA,NA,1
奶油刀,NA,NA,NA,NA,NA,NA,1
装饰品,NA,NA,NA,NA,268,19542,3
展示自行车,NA,NA,NA,NA,NA,NA,1
意粉,NA,NA,NA,NA,NA,NA,7
依着,NA,NA,NA,NA,NA,NA,1
非洲商人,NA,NA,NA,NA,NA,NA,1
煎饼,NA,NA,NA,NA,888,24742,5
雀,NA,NA,NA,NA,185,17924,2
番茄汤,NA,NA,NA,NA,NA,NA,4
公路,1.576923,3.143 ,6.273 ,2.375 ,2808,29741,2
摩托车手,NA,NA,NA,NA,NA,NA,3
双人床,NA,NA,NA,NA,66,13424,3
小便斗,NA,NA,NA,NA,NA,NA,1
蝴蝶,1.125,5.250 ,5.905 ,1.643 ,1172,25944,1
汽车头,NA,NA,NA,NA,NA,NA,1
浴帘,NA,NA,NA,NA,NA,NA,1
运动员,NA,NA,NA,NA,2027,28325,444
皮筏艇,NA,NA,NA,NA,NA,NA,3
毛衣,NA,6.231 ,6.381 ,2.400 ,999,2525,49
照明灯,NA,NA,NA,NA,54,12553,1
市场,2.866667,3.769 ,6.727 ,2.733 ,3213,30326,1
便池,NA,NA,NA,NA,39,11139,1
床脚,NA,NA,NA,NA,NA,NA,1
网球护具,NA,NA,NA,NA,NA,NA,1
轮滑者,NA,NA,NA,NA,NA,NA,1
计算机,NA,NA,NA,NA,1243,26201,4
袍,NA,NA,NA,NA,498,22227,3
乌鸦,1.133333,4.538 ,4.143 ,3.455 ,578,22878,4
套头衫,NA,NA,NA,NA,33,10414,2
手机,NA,NA,NA,NA,10833,35604,86
有冲浪板的女人,NA,NA,NA,NA,NA,NA,1
僧服,NA,NA,NA,NA,NA,NA,1
赵灿,NA,NA,NA,NA,NA,NA,1
哭泣的婴儿,NA,NA,NA,NA,NA,NA,1
英语,NA,NA,NA,NA,3535,30741,1
小孩子,NA,NA,NA,NA,1887,28014,5
假手,NA,NA,NA,NA,3,1,1
钱包,1.24,NA,NA,NA,2972,29987,1
架子,2.217391,5.917 ,6.773 ,2.467 ,85,24548,3
薯条披萨,NA,NA,NA,NA,NA,NA,1
雪,NA,NA,NA,NA,2886,29859,3
大巴车,NA,NA,NA,NA,NA,NA,2
比萨饼边,NA,NA,NA,NA,NA,NA,1
婚服,NA,NA,NA,NA,NA,NA,1
面包车,NA,NA,NA,NA,146,16902,42
牛逼,NA,NA,NA,NA,NA,NA,1
工作台,NA,NA,NA,NA,83,14472,1
糖霜,NA,NA,NA,NA,125,16232,4
车镜子,NA,NA,NA,NA,NA,NA,1
狗和沙发,NA,NA,NA,NA,NA,NA,1
连衣裙,NA,NA,NA,NA,128,16335,54
鹤,NA,NA,NA,NA,3,0,13
蛋糕,1.346154,3.357 ,6.455 ,1.417 ,5923,32982,298
水牛,NA,NA,NA,NA,319,20294,2
皮筏,NA,NA,NA,NA,15,699,3
披萨边,NA,NA,NA,NA,NA,NA,5
狗带,NA,NA,NA,NA,NA,NA,1
馅儿,NA,NA,NA,NA,9,4771,1
吊带裙,NA,NA,NA,NA,NA,NA,1
奶油,1.72,NA,NA,NA,1499,27016,22
外墙,NA,NA,NA,NA,NA,NA,1
猫狗,NA,NA,NA,NA,NA,NA,1
剪裁,NA,NA,NA,NA,63,13222,1
水壶,1.28,NA,NA,NA,206,18388,20
青柠,NA,NA,NA,NA,NA,NA,4
立交桥,NA,NA,NA,NA,42,11461,3
食品,NA,5.357 ,6.762 ,1.917 ,2027,28325,2
警车,NA,NA,NA,NA,674,23541,12
镜子,1.4,5.923 ,6.048 ,1.643 ,2301,28876,97
铁路,1.36,3.077 ,6.182 ,1.846 ,724,23856,11
桌子和椅子,NA,NA,NA,NA,NA,NA,1
比赛,2.25,4.778 ,6.045 ,2.091 ,31974,40304,1
黑人,NA,NA,NA,NA,6179,33166,3
棒球运动员,NA,NA,NA,NA,NA,NA,8
僧人,1.416667,NA,NA,NA,95,15051,1
轨道桥,NA,NA,NA,NA,NA,NA,1
护士,NA,3.923 ,5.409 ,2.600 ,4069,31351,18
浴池,NA,NA,NA,NA,122,16128,10
学习桌,NA,NA,NA,NA,NA,NA,3
艇,NA,NA,NA,NA,241,19085,1
面包胚,NA,NA,NA,NA,NA,NA,2
桌,NA,NA,NA,NA,1845,27917,10
固体胶,NA,NA,NA,NA,NA,NA,1
番茄汁,NA,NA,NA,NA,NA,NA,1
照相机,NA,NA,NA,NA,745,23979,4
酸奶碗,NA,NA,NA,NA,NA,NA,2
总线,NA,NA,NA,NA,27,9542,1
乳牛,1.576923,NA,NA,NA,36,10792,1
小孩的脸,NA,NA,NA,NA,NA,NA,1
陈设,2.64,NA,NA,NA,9,4771,1
救援车,NA,NA,NA,NA,NA,NA,2
船,NA,NA,NA,NA,12648,36277,463
水管,1.083333,NA,NA,NA,918,24886,1
水果,1.730769,4.308 ,6.591 ,1.545 ,1762,27716,16
工作服,NA,NA,NA,NA,233,18921,2
风衣,NA,NA,NA,NA,54,12553,1
蛋清糖霜,NA,NA,NA,NA,NA,NA,1
学生,1.615385,2.400 ,6.455 ,1.800 ,877,34686,2
厂,NA,NA,NA,NA,3,0,1
鸭,NA,NA,NA,NA,6,301,3
家,NA,NA,NA,NA,179,17782,2
白雪公主,NA,NA,NA,NA,182,17853,2
快餐店,NA,NA,NA,NA,188,17993,1
剪彩,2.083333,NA,NA,NA,57,12788,1
豚鼠,NA,NA,NA,NA,48,12041,5
刀叉,NA,NA,NA,NA,75,13979,10
摩托女孩,NA,NA,NA,NA,NA,NA,1
生活用品,NA,NA,NA,NA,NA,NA,1
座椅,NA,NA,NA,NA,265,19494,12
围墙,1.533333,NA,NA,NA,256,19345,1
沐浴露,NA,NA,NA,NA,NA,NA,1
长袍,NA,NA,NA,NA,316,20253,2
耳环,1.478261,NA,NA,NA,885,24728,1
薯条,1.225806,NA,NA,NA,1082,25599,3
引擎罩,NA,NA,NA,NA,NA,NA,2
古屋,NA,NA,NA,NA,NA,NA,1
萝卜蛋糕,NA,NA,NA,NA,NA,NA,1
孔雀,1.208333,4.692 ,4.211 ,1.615 ,194,18129,18
照相,1.638889,4.750 ,6.190 ,1.538 ,856,24579,1
溏心蛋,NA,NA,NA,NA,NA,NA,1
步行桥,NA,NA,NA,NA,NA,NA,1
芝士披萨,NA,NA,NA,NA,NA,NA,1
镜,NA,NA,NA,NA,2841,29791,2
番茄泥,NA,NA,NA,NA,NA,NA,1
标志物,NA,NA,NA,NA,NA,NA,1
房,NA,NA,NA,NA,7205,33833,11
坡,NA,NA,NA,NA,474,22014,2
网球裙,NA,NA,NA,NA,NA,NA,5
大腿,1.277778,NA,NA,NA,867,24639,1
客车,NA,3.583 ,5.571 ,2.200 ,6,1301,13
零食,1.633333,NA,NA,NA,453,21818,2
青年人,NA,NA,NA,NA,45,11761,1
巧克力蛋糕,NA,NA,NA,NA,NA,NA,1
茶点,2,NA,NA,NA,69,13617,1
嘴鹦鹉,NA,NA,NA,NA,NA,NA,1
麦克风,NA,NA,NA,NA,921,249,2
地板,NA,6.308 ,6.000 ,2.100 ,2903,29886,3
蔬菜,1.84,5.867 ,5.316 ,1.563 ,1037,25416,80
牛仔帽,NA,NA,NA,NA,NA,NA,1
蛋糕胚,NA,NA,NA,NA,NA,NA,1
热狗,1.807692,NA,NA,NA,1693,27543,32
打棒球,NA,NA,NA,NA,NA,NA,1
女足运动员,NA,NA,NA,NA,NA,NA,2
甜品,2.038462,NA,NA,NA,298,2,35
角色扮演,NA,NA,NA,NA,NA,NA,1
充电垫子,NA,NA,NA,NA,NA,NA,1
停机坪,NA,NA,NA,NA,158,17243,1
女子,NA,5.182 ,5.273 ,1.588 ,2105,28488,7
书桌,NA,NA,NA,NA,233,18921,56
鱼缸,1.222222,NA,NA,NA,23,18865,4
阳台,1.26087,NA,NA,NA,79,24232,1
桌椅,1.346154,NA,NA,NA,42,11461,3
足球运动衣,NA,NA,NA,NA,NA,NA,1
栈桥,NA,NA,NA,NA,9,4771,7
公交,NA,NA,NA,NA,593,22989,6
包装,NA,4.364 ,5.591 ,2.846 ,805,24314,1
鳄梨,NA,NA,NA,NA,NA,NA,1
母婴,2,NA,NA,NA,3,0,1
课桌,NA,NA,NA,NA,39,11139,1
蹲下,NA,NA,NA,NA,NA,NA,1
饼子,NA,NA,NA,NA,6,301,2
窗,NA,NA,NA,NA,1571,27218,2
酱汁,NA,NA,NA,NA,NA,NA,1
面条,1.266667,NA,NA,NA,879,24698,9
螺旋桨飞机,NA,NA,NA,NA,NA,NA,1
趋向,NA,NA,NA,NA,83,14472,1
上半身,NA,NA,NA,NA,NA,NA,2
客厅,1.5,4.750 ,6.455 ,1.786 ,1133,25798,1
番茄,1.086957,NA,NA,NA,474,22014,4
西装制服,NA,NA,NA,NA,NA,NA,2
饭盒,1.130435,NA,NA,NA,95,15051,2
男众,NA,NA,NA,NA,NA,NA,1
幼儿,1.742857,NA,NA,NA,69,13617,2
花台,NA,NA,NA,NA,NA,NA,1
点心,2.173913,3.833 ,6.364 ,2.000 ,116,25899,4
菜花,NA,NA,NA,NA,27,9542,1
售货亭,NA,NA,NA,NA,3,0,1
法庭套房,NA,NA,NA,NA,NA,NA,1
比基尼,NA,NA,NA,NA,557,22718,7
玩具头盔,NA,NA,NA,NA,NA,NA,1
别墅,1.387097,NA,NA,NA,1016,25328,18
洗澡器,NA,NA,NA,NA,NA,NA,1
袋,NA,NA,NA,NA,3282,30418,1
模型,NA,4.538 ,5.750 ,2.800 ,1607,27316,2
肉排,NA,NA,NA,NA,119,16021,1
沙,NA,NA,NA,NA,2203,28686,2
铁,NA,NA,NA,NA,24,9031,2
家人,1.653846,NA,NA,NA,8585,34594,1
冰琪琳,NA,NA,NA,NA,3,0,1
鹅,NA,NA,NA,NA,3,0,7
袋子,NA,NA,NA,NA,2376,29015,1
母亲,1.304348,6.222 ,6.762 ,1.417 ,18467,3792,4
玩具牛,NA,NA,NA,NA,NA,NA,1
饰品容器,NA,NA,NA,NA,NA,NA,1
高塔,NA,NA,NA,NA,NA,NA,1
上衣,NA,4.000 ,5.048 ,1.400 ,1112,25717,80
芝士香辣大饼,NA,NA,NA,NA,NA,NA,1
火车桥,NA,NA,NA,NA,NA,NA,1
甘蓝,NA,NA,NA,NA,149,1699,1
女性聚会者,NA,NA,NA,NA,NA,NA,1
碟,NA,NA,NA,NA,1172,25944,1
伞,NA,NA,NA,NA,677,2356,66
燕麦,NA,NA,NA,NA,158,17243,2
肩膀,1.26087,6.308 ,5.909 ,2.667 ,2045,28363,1
发夹,NA,NA,NA,NA,158,17243,1
滑板道,NA,NA,NA,NA,NA,NA,1
公车,NA,NA,NA,NA,1332,26503,9
义大利菜,NA,NA,NA,NA,NA,NA,1
便当,1.958333,NA,NA,NA,2,18261,1
白酒,1.307692,NA,NA,NA,128,16335,1
塔克,NA,NA,NA,NA,277,19685,2
救火车,NA,NA,NA,NA,72,13802,1
男孩儿,NA,NA,NA,NA,NA,NA,5
伙计,2.296296,6.000 ,4.818 ,2.875 ,44902,41779,1
病房,NA,5.100 ,3.864 ,2.200 ,972,25132,1
游戏女孩,NA,NA,NA,NA,NA,NA,1
队员,2.115385,4.643 ,6.364 ,2.500 ,4632,31915,1
壁画,1.333333,NA,NA,NA,152,17076,2
狼,NA,NA,NA,NA,3583,30799,1
鸡蛋,1.038462,NA,NA,NA,2143,28567,15
人行道,NA,NA,NA,NA,477,22041,9
羊肉,1.16129,NA,NA,NA,209,18451,4
远动员,NA,NA,NA,NA,NA,NA,1
卷面皮,NA,NA,NA,NA,NA,NA,1
的,NA,NA,NA,NA,5015513,6226,1
汗衫,NA,NA,NA,NA,146,16902,10
狗头,NA,NA,NA,NA,42,11461,3
燕麦粥,NA,NA,NA,NA,NA,NA,1
棒球手,NA,NA,NA,NA,NA,NA,28
困猫,NA,NA,NA,NA,NA,NA,1
车镜,NA,NA,NA,NA,NA,NA,3
后备箱,NA,NA,NA,NA,NA,NA,5
女郎,NA,NA,NA,NA,2194,28669,1
运动衣,NA,NA,NA,NA,27,9542,5
礼服,1.628571,NA,NA,NA,1726,27627,22
相框,NA,NA,NA,NA,NA,NA,1
短袖,NA,NA,NA,NA,66,13424,28
滑板爱好者,NA,NA,NA,NA,NA,NA,1
路灯,NA,NA,NA,NA,14,16721,5
电器,1.956522,4.692 ,5.818 ,2.067 ,307,20128,5
伞桶,NA,NA,NA,NA,NA,NA,2
一家子,NA,NA,NA,NA,253,19294,1
网球员,NA,NA,NA,NA,NA,NA,6
广场人,NA,NA,NA,NA,NA,NA,1
衣衫,NA,NA,NA,NA,78,1415,1
咸蛋,1.482759,NA,NA,NA,12,6021,1
面包圈,NA,NA,NA,NA,NA,NA,7
马尾,NA,NA,NA,NA,185,17924,1
水罐,NA,NA,NA,NA,36,10792,3
车顶,NA,NA,NA,NA,218,18633,6
手机座,NA,NA,NA,NA,NA,NA,1
防风衣,NA,NA,NA,NA,NA,NA,1
金属刀,NA,NA,NA,NA,NA,NA,1
黄色,2.25,3.583 ,6.136 ,1.545 ,1961,28182,1
小学生,NA,NA,NA,NA,149,1699,2
卤素灯,NA,NA,NA,NA,NA,NA,1
教堂,1.52,5.231 ,5.333 ,2.143 ,6487,33377,42
正装,NA,NA,NA,NA,NA,NA,2
啄木鸟,NA,NA,NA,NA,86,14624,3
滑水运动员,NA,NA,NA,NA,NA,NA,1
草,NA,NA,NA,NA,2215,2871,1
鹿角滑雪女子,NA,NA,NA,NA,NA,NA,1
熊,NA,NA,NA,NA,4382,31673,116
竹酒店,NA,NA,NA,NA,NA,NA,1
車頭,NA,NA,NA,NA,NA,NA,1
女孩儿,NA,NA,NA,NA,NA,NA,1
痛苦,NA,4.800 ,6.591 ,3.071 ,10874,35621,1
风筝,1.304348,NA,NA,NA,313,20212,131
老奶奶,NA,NA,NA,NA,289,19868,2
打击手,NA,NA,NA,NA,NA,NA,1
帐篷,NA,NA,NA,NA,1163,25911,281
叉车,NA,NA,NA,NA,36,10792,1
厨师,1.3,NA,NA,NA,1306,26415,4
比基尼泳装,NA,NA,NA,NA,NA,NA,1
乒乓球桌,NA,NA,NA,NA,NA,NA,12
木头,NA,4.333 ,6.955 ,1.250 ,1356,2658,8
小桌,NA,NA,NA,NA,NA,NA,1
冰激凌车,NA,NA,NA,NA,NA,NA,1
女子羽毛球运动员,NA,NA,NA,NA,NA,NA,1
覆盖,3.173913,4.400 ,6.136 ,2.667 ,647,23365,1
路灯柱,NA,NA,NA,NA,NA,NA,1
牛头,NA,NA,NA,NA,NA,NA,1
儿童车,NA,NA,NA,NA,NA,NA,1
晚餐,NA,4.917 ,6.524 ,1.273 ,7178,33817,1
剪子,NA,NA,NA,NA,286,19823,3
管道,1.611111,3.385 ,4.636 ,2.667 ,1127,25775,1
游轮,NA,NA,NA,NA,14,16721,2
水果派,NA,NA,NA,NA,NA,NA,1
古堡,1.466667,NA,NA,NA,33,10414,1
垃圾食品,NA,NA,NA,NA,NA,NA,1
灯笼,1.333333,4.929 ,4.545 ,2.333 ,107,15563,1
纸飞机,NA,NA,NA,NA,NA,NA,1
床梯,NA,NA,NA,NA,NA,NA,1
逛街,NA,NA,NA,NA,NA,NA,1
雕象,NA,NA,NA,NA,NA,NA,1
背,NA,NA,NA,NA,603,3306,1
鸟类,2.28,NA,NA,NA,292,19912,1
商贩,NA,NA,NA,NA,24,9031,1
划船,1.461538,NA,NA,NA,352,20719,1
杯碟,NA,NA,NA,NA,NA,NA,1
甜点,NA,NA,NA,NA,NA,NA,42
球拍,NA,NA,NA,NA,98,15185,3
仓鼠,1.346154,NA,NA,NA,137,16628,2
棒球上衣,NA,NA,NA,NA,NA,NA,2
人类,NA,5.833 ,5.727 ,1.909 ,11497,35862,10
饱,NA,NA,NA,NA,1267,26284,2
泡沫,2.517241,3.533 ,5.818 ,2.750 ,471,21987,1
绵阳,NA,NA,NA,NA,NA,NA,4
兜帽,NA,NA,NA,NA,NA,NA,2
播放,2.518519,NA,NA,NA,1467,2692,1
铁路设施,NA,NA,NA,NA,NA,NA,1
海军飞机,NA,NA,NA,NA,NA,NA,1
多士,NA,NA,NA,NA,NA,NA,1
熊雕像,NA,NA,NA,NA,NA,NA,1
救生衣,NA,NA,NA,NA,134,16532,8
龙猫,NA,NA,NA,NA,NA,NA,1
游行,NA,5.071 ,5.864 ,3.500 ,1544,27143,2
电脑做,NA,NA,NA,NA,NA,NA,1
城门,NA,NA,NA,NA,122,16128,3
布娃娃,NA,NA,NA,NA,NA,NA,2
法庭,NA,NA,NA,NA,6922,33659,2
瑞士刀,NA,NA,NA,NA,NA,NA,2
移动餐厅,NA,NA,NA,NA,NA,NA,1
冲浪员,NA,NA,NA,NA,NA,NA,1
仙人球,NA,NA,NA,NA,18,7782,1
冲浪运动员,NA,NA,NA,NA,NA,NA,3
大丽花,NA,NA,NA,NA,42,11461,1
学士袍,NA,NA,NA,NA,NA,NA,1
足球,1.12,3.071 ,6.091 ,1.813 ,1827,27875,7
眼罩,1.692308,NA,NA,NA,274,19638,17
回教少女,NA,NA,NA,NA,NA,NA,1
摩托,1.192308,NA,NA,NA,769,24116,5
面,NA,NA,NA,NA,11644,35917,11
官员,1.875,NA,NA,NA,1291,26365,1
广告牌,NA,NA,NA,NA,331,20453,3
乳蛋饼,NA,NA,NA,NA,NA,NA,2
烤饼,NA,NA,NA,NA,NA,NA,1
市政厅,NA,NA,NA,NA,423,21523,1
学士服,NA,NA,NA,NA,NA,NA,4
开幕,NA,3.700 ,4.952 ,2.462 ,218,18633,1
夹克背心,NA,NA,NA,NA,NA,NA,1
滑雪员,NA,NA,NA,NA,NA,NA,4
大篷车,NA,NA,NA,NA,57,12788,1
轿车,1.347826,5.833 ,6.429 ,1.214 ,1294,26375,87
塑像,NA,NA,NA,NA,179,17782,1
帕茨基,NA,NA,NA,NA,NA,NA,1
地铁,1.076923,NA,NA,NA,1863,27959,2
台,NA,NA,NA,NA,45,11761,5
橄榄球服,NA,NA,NA,NA,NA,NA,3
宝塔,NA,NA,NA,NA,27,9542,1
防护栏,NA,NA,NA,NA,NA,NA,1
羚羊,1.151515,NA,NA,NA,185,17924,3
越野滑雪者,NA,NA,NA,NA,NA,NA,1
卡通,2.277778,NA,NA,NA,674,23541,1
小姐,NA,6.000 ,5.591 ,2.400 ,25108,39255,1
桥洞,NA,NA,NA,NA,6,301,2
烤盘,NA,NA,NA,NA,NA,NA,5
警示牌,NA,NA,NA,NA,6,301,1
楼房,1.514286,4.385 ,5.571 ,1.286 ,134,16532,47
蓬,NA,NA,NA,NA,271,1959,2
火警车,NA,NA,NA,NA,NA,NA,1
勺子,NA,4.923 ,5.818 ,1.643 ,456,21847,11
结,NA,NA,NA,NA,485,32114,1
宾馆,1.538462,7.000 ,5.818 ,1.636 ,1136,25809,2
椅子,1.230769,6.500 ,5.545 ,2.000 ,3529,30734,50
行李箱,NA,NA,NA,NA,334,20492,5
肉,NA,NA,NA,NA,7321,33902,14
人行横道,NA,NA,NA,NA,33,10414,1
泳装,NA,NA,NA,NA,447,21761,1
影子,2.212121,6.333 ,5.727 ,2.455 ,1019,2534,1
遮阳伞,NA,NA,NA,NA,57,12788,17
投球,NA,NA,NA,NA,653,23404,1
衣帽,NA,NA,NA,NA,21,8451,1
篮球球员,NA,NA,NA,NA,NA,NA,1
铁轨,NA,NA,NA,NA,331,20453,41
网球手,NA,NA,NA,NA,NA,NA,18
电话,1.5,5.538 ,6.227 ,1.333 ,54772,42642,6
朋友,1.666667,2.769 ,6.364 ,1.000 ,77555,44153,3
脚凳沙发,NA,NA,NA,NA,NA,NA,1
邮轮,1.608696,NA,NA,NA,78,1415,1
电线杆,NA,NA,NA,NA,131,16435,5
演员,NA,4.692 ,6.143 ,2.600 ,8558,3458,1
雪橇,NA,NA,NA,NA,563,22765,1
夫妇,1.583333,NA,NA,NA,265,29489,1
热狗店,NA,NA,NA,NA,NA,NA,1
机械,NA,5.636 ,5.636 ,3.000 ,1189,2601,1
打印机,NA,NA,NA,NA,173,17634,1
饮品,NA,NA,NA,NA,95,15051,1
小孩们,NA,NA,NA,NA,NA,NA,1
针织衫,NA,NA,NA,NA,NA,NA,2
人赛车摩托,NA,NA,NA,NA,NA,NA,1
物,NA,NA,NA,NA,4456,31746,1
中年妇女,NA,NA,NA,NA,NA,NA,1
衣裳,NA,4.923 ,5.727 ,2.100 ,57,12788,5
石头,1.24,3.100 ,6.455 ,1.462 ,4188,31477,8
头像,NA,NA,NA,NA,253,19294,1
土司,NA,NA,NA,NA,203,18325,6
收香蕉,NA,NA,NA,NA,NA,NA,1
宝座,2.424242,NA,NA,NA,17,17559,1
工具,2.5,5.750 ,5.955 ,1.733 ,3115,30191,2
兄弟,1.571429,3.250 ,6.182 ,1.308 ,25728,39361,1
天鹅,1.472222,NA,NA,NA,289,19868,13
遥控,2.291667,NA,NA,NA,581,229,1
计算机桌子,NA,NA,NA,NA,NA,NA,1
反射弧,NA,NA,NA,NA,12,6021,1
医院,NA,4.750 ,5.773 ,1.429 ,1607,37317,1
宠物,1.967742,NA,NA,NA,1967,28195,4
微波,NA,NA,NA,NA,2,18261,1
骑自行车的人,NA,NA,NA,NA,NA,NA,1
罐,NA,NA,NA,NA,2212,28704,1
下半身,NA,NA,NA,NA,NA,NA,3
花苞,NA,NA,NA,NA,3,0,1
曲奇饼,NA,NA,NA,NA,NA,NA,1
长袖恤,NA,NA,NA,NA,NA,NA,1
向日癸,NA,NA,NA,NA,NA,NA,1
斜坡,1.782609,NA,NA,NA,227,18808,2
奶猫,NA,NA,NA,NA,NA,NA,1
网球服,NA,NA,NA,NA,NA,NA,3
球,NA,NA,NA,NA,21227,38525,1
挖掘机,NA,NA,NA,NA,18,7782,1
比萨饼,NA,NA,NA,NA,25,19243,26
过滤水壶,NA,NA,NA,NA,NA,NA,1
衣饰,2,NA,NA,NA,24,9031,1
灯框,NA,NA,NA,NA,NA,NA,1
马桶,1.2,NA,NA,NA,1177,25966,1
球服,NA,NA,NA,NA,NA,NA,1
天桥,1.518519,NA,NA,NA,215,18573,17
杂技,2.538462,NA,NA,NA,241,19085,1
电脑设备,NA,NA,NA,NA,NA,NA,1
桥车,NA,NA,NA,NA,NA,NA,1
白人妇女,NA,NA,NA,NA,NA,NA,1
沙滩帐篷,NA,NA,NA,NA,NA,NA,1
灯柱,NA,NA,NA,NA,69,13617,1
女童,1.583333,NA,NA,NA,101,15315,2
证书,1.346154,NA,NA,NA,492,22175,1
贴画,NA,NA,NA,NA,24,9031,1
火箭,1.466667,5.545 ,5.636 ,2.500 ,1568,2721,1
床,NA,NA,NA,NA,19391,38132,460
自行车运动员,NA,NA,NA,NA,NA,NA,1
机,NA,NA,NA,NA,7238,33852,1
铁路桥,NA,NA,NA,NA,12,6021,2
帽衣,NA,NA,NA,NA,NA,NA,1
汉堡包,NA,NA,NA,NA,674,23541,16
店面,NA,NA,NA,NA,86,14624,11
意面,NA,NA,NA,NA,NA,NA,24
连帽衫,NA,NA,NA,NA,NA,NA,9
洋装,NA,NA,NA,NA,6,1301,6
小便器,NA,NA,NA,NA,NA,NA,1
椅子上的女婴,NA,NA,NA,NA,NA,NA,1
香蕉,1.130435,3.636 ,6.381 ,1.529 ,1177,25966,8
寺庙,1.230769,NA,NA,NA,23,18865,5
羽绒,1.818182,NA,NA,NA,21,8451,2
帐逢,NA,NA,NA,NA,NA,NA,1
商店板,NA,NA,NA,NA,NA,NA,1
引擎盖,NA,NA,NA,NA,104,15441,26
单板滑雪者,NA,NA,NA,NA,NA,NA,1
窗户,1.346154,5.300 ,6.333 ,2.545 ,4075,31358,18
厨房灶台,NA,NA,NA,NA,NA,NA,1
围裙,NA,NA,NA,NA,274,19638,12
车板,NA,NA,NA,NA,NA,NA,1
桥,NA,NA,NA,NA,3202,3031,389
水果沙拉,NA,NA,NA,NA,NA,NA,1
吉普车,NA,NA,NA,NA,218,18633,18
屋顶,1.4,NA,NA,NA,2379,2902,19
卡车头,NA,NA,NA,NA,NA,NA,1
布,NA,NA,NA,NA,3,0,6
大象,NA,NA,NA,NA,124,26191,2
塑料刀,NA,NA,NA,NA,NA,NA,2
西服上衣,NA,NA,NA,NA,NA,NA,5
坐着,NA,NA,NA,NA,NA,NA,1
女婴,NA,NA,NA,NA,51,12304,2
机箱盖,NA,NA,NA,NA,NA,NA,1
旺,NA,NA,NA,NA,307,20128,1
车库,NA,NA,NA,NA,1598,27292,40
汽车,1.291667,5.889 ,6.818 ,1.273 ,7074,33753,235
柜台,1.48,3.200 ,5.864 ,3.467 ,706,23747,1
穴道,NA,NA,NA,NA,27,9542,1
主菜,2.416667,NA,NA,NA,143,16812,1
运动装,NA,NA,NA,NA,NA,NA,1
辈子,NA,NA,NA,NA,3052,30103,1
车盖,NA,NA,NA,NA,NA,NA,28
上床下桌,NA,NA,NA,NA,NA,NA,1
楼梯,1.384615,5.643 ,4.632 ,1.667 ,248,29201,2
中年黑人,NA,NA,NA,NA,NA,NA,1
青年,2.153846,4.800 ,6.227 ,2.467 ,963,25092,4
海盗,1.461538,NA,NA,NA,2805,29736,1
派对,2.346154,NA,NA,NA,12612,36264,2
引擎,2.034483,NA,NA,NA,2036,28344,4
饼边,NA,NA,NA,NA,NA,NA,1
钢铁桥梁,NA,NA,NA,NA,NA,NA,1
上本身,NA,NA,NA,NA,NA,NA,1
球手,NA,NA,NA,NA,238,19031,9
大鸟,NA,NA,NA,NA,NA,NA,1
塑料餐具,NA,NA,NA,NA,NA,NA,1
冲浪女孩,NA,NA,NA,NA,NA,NA,1
跳伞,1.521739,NA,NA,NA,489,22148,1
栏杆,1.291667,6.200 ,5.227 ,2.571 ,325,20374,20
黄色出租车,NA,NA,NA,NA,NA,NA,1
孩童,1.678571,NA,NA,NA,23,18865,1
杂物,2.222222,NA,NA,NA,191,18062,2
村居,NA,NA,NA,NA,NA,NA,1
花,NA,NA,NA,NA,2667,39517,305
马车和男人,NA,NA,NA,NA,NA,NA,1
裁判员,NA,NA,NA,NA,86,14624,1
鹿子,NA,NA,NA,NA,NA,NA,1
芥兰炒牛肉,NA,NA,NA,NA,NA,NA,1
足球员,NA,NA,NA,NA,NA,NA,8
吊桥,1.76,NA,NA,NA,164,17404,1
置物架,NA,NA,NA,NA,NA,NA,1
亚洲女孩,NA,NA,NA,NA,NA,NA,1
老妇,NA,NA,NA,NA,224,18751,1
池缸,NA,NA,NA,NA,NA,NA,2
匹萨,NA,NA,NA,NA,NA,NA,6
马,NA,NA,NA,NA,3,0,18
桥梁,1.5,4.923 ,6.857 ,2.636 ,259,19395,20
击球手,NA,NA,NA,NA,NA,NA,4
铝型材,NA,NA,NA,NA,NA,NA,1
手表,1.259259,5.533 ,6.273 ,1.250 ,1523,27084,2
莎拉,NA,NA,NA,NA,1923,28096,1
建筑物,NA,NA,NA,NA,546,22625,56
顶棚,NA,NA,NA,NA,57,12788,8
手撕猪肉包子,NA,NA,NA,NA,NA,NA,1
车窗,1.37931,NA,NA,NA,48,22068,1
牛,NA,NA,NA,NA,5932,32989,489
滑雪服,NA,NA,NA,NA,NA,NA,9
盒饭,NA,NA,NA,NA,69,13617,1
老兄,NA,NA,NA,NA,13316,365,1
面包干,NA,NA,NA,NA,6,301,1
木头路,NA,NA,NA,NA,NA,NA,1
山羊,1.04,NA,NA,NA,9,248,39
金属,1.807692,5.769 ,5.318 ,2.200 ,2629,29455,1
白人男子,NA,NA,NA,NA,NA,NA,1
裙摆,NA,NA,NA,NA,NA,NA,1
杯纸蛋糕,NA,NA,NA,NA,NA,NA,1
热狗面包,NA,NA,NA,NA,NA,NA,2
靠枕,NA,NA,NA,NA,33,10414,1
爵巴塔面包,NA,NA,NA,NA,NA,NA,1
养,NA,NA,NA,NA,3,0,1
蛋糕杯,NA,NA,NA,NA,NA,NA,3
儿童,1.424242,6.154 ,6.000 ,1.571 ,3833,31092,25
狗和玩具,NA,NA,NA,NA,NA,NA,1
领口,NA,NA,NA,NA,54,12553,1
卡车后备箱,NA,NA,NA,NA,NA,NA,2
汽船,NA,NA,NA,NA,42,11461,1
咖啡,1.192308,4.800 ,5.000 ,2.313 ,12505,36227,21
木板,NA,NA,NA,NA,441,21703,2
车房,NA,NA,NA,NA,NA,NA,3
音乐播放器,NA,NA,NA,NA,NA,NA,1
开张,3.111111,NA,NA,NA,632,23263,1
鹭,NA,NA,NA,NA,6,1301,1
足球运动员,NA,NA,NA,NA,NA,NA,14
菊花,1.2,4.167 ,6.136 ,3.400 ,173,17634,9
浸信会,NA,NA,NA,NA,NA,NA,1
动物,1.827586,4.417 ,6.091 ,1.429 ,7858,34209,67
转椅,NA,NA,NA,NA,15,699,1
烤,NA,NA,NA,NA,4966,32217,1
围脖,NA,NA,NA,NA,12,6021,1
起居室,NA,NA,NA,NA,322,20334,1
火车座位,NA,NA,NA,NA,NA,NA,1
包面,NA,NA,NA,NA,NA,NA,1
琐事,NA,NA,NA,NA,298,2,1
带女人的伞,NA,NA,NA,NA,NA,NA,1
样,NA,NA,NA,NA,12,6021,1
拱桥,1.76,NA,NA,NA,6,301,2
步道,NA,NA,NA,NA,NA,NA,2
洗菜,NA,NA,NA,NA,NA,NA,1
薄饼,1.470588,NA,NA,NA,668,23502,10
尾巴,1.652174,5.231 ,5.364 ,2.267 ,1163,25911,5
铁桥,1.833333,NA,NA,NA,18,7782,1
越野滑雪,NA,NA,NA,NA,NA,NA,1
羽绒衣,NA,NA,NA,NA,6,301,1
板凳,1.137931,NA,NA,NA,188,17993,1
本田旅行车,NA,NA,NA,NA,NA,NA,1
地面,NA,3.700 ,6.045 ,1.800 ,1687,27528,4
燕麦饼干,NA,NA,NA,NA,NA,NA,1
书桌床,NA,NA,NA,NA,NA,NA,1
男孩女孩,NA,NA,NA,NA,NA,NA,1
小鸟,NA,NA,NA,NA,939,24983,9
食物,1.956522,4.417 ,6.409 ,1.214 ,7634,34084,381
手提电脑,NA,NA,NA,NA,NA,NA,3
飞翔伞,NA,NA,NA,NA,NA,NA,1
沙滩椅,NA,NA,NA,NA,NA,NA,1
游船,NA,NA,NA,NA,125,16232,7
爱尔兰酒吧,NA,NA,NA,NA,NA,NA,1
店,NA,NA,NA,NA,12797,36328,17
西红柿,NA,NA,NA,NA,277,19685,2
意大利面条,NA,NA,NA,NA,NA,NA,2
网球,1.153846,6.071 ,5.227 ,2.250 ,1016,25328,20
红色货车,NA,NA,NA,NA,NA,NA,1
黑鸟,NA,NA,NA,NA,NA,NA,1
雕像,1.884615,NA,NA,NA,972,25132,10
甜食,NA,NA,NA,NA,182,17853,2
烤面包薯块,NA,NA,NA,NA,NA,NA,1
粥,NA,NA,NA,NA,423,21523,2
长桌,NA,NA,NA,NA,6,301,1
军刀,NA,NA,NA,NA,6,1301,2
橙子,NA,NA,NA,NA,253,19294,2
苹果配件,NA,NA,NA,NA,NA,NA,1
台子,NA,NA,NA,NA,215,18573,3
麦片粥,NA,NA,NA,NA,NA,NA,2
投球手,NA,NA,NA,NA,NA,NA,8
看门人,NA,NA,NA,NA,NA,NA,1
裤子,1.37037,5.154 ,6.136 ,1.286 ,5577,32721,18
顶篷,NA,NA,NA,NA,NA,NA,1
玉米饼,NA,NA,NA,NA,215,18573,1
电脑配件,NA,NA,NA,NA,NA,NA,1
孩子,1.478261,5.100 ,6.095 ,1.733 ,111019,4571,149
牌子,NA,NA,NA,NA,1258,26253,5
秃鹫,NA,NA,NA,NA,92,14914,2
毛绒鹦鹉,NA,NA,NA,NA,NA,NA,1
布丁,1.828571,NA,NA,NA,778,24166,3
洗手槽,NA,NA,NA,NA,NA,NA,1
滑雪男孩,NA,NA,NA,NA,NA,NA,1
加热器,NA,NA,NA,NA,63,13222,2
新娘,1.230769,NA,NA,NA,2638,29469,4
亚洲男子羽毛球运动员,NA,NA,NA,NA,NA,NA,1
酒,NA,NA,NA,NA,18893,3802,18
宝马,NA,NA,NA,NA,319,20294,1
壶,NA,NA,NA,NA,581,229,2
球桌,NA,NA,NA,NA,NA,NA,1
黑色礼服,NA,NA,NA,NA,NA,NA,1
保险柜,NA,NA,NA,NA,534,22529,1
蛋黄,1.652174,NA,NA,NA,256,19345,7
填充玩具熊,NA,NA,NA,NA,NA,NA,2
的士,1.517241,NA,NA,NA,331,20453,3
笑脸,NA,NA,NA,NA,48,22068,2
越南拌粉,NA,NA,NA,NA,NA,NA,1
浮板,NA,NA,NA,NA,NA,NA,1
帝王帐篷,NA,NA,NA,NA,NA,NA,1
碉堡,1.740741,NA,NA,NA,185,17924,1
橡皮船,NA,NA,NA,NA,12,6021,3
家具,1.769231,6.200 ,4.368 ,1.769 ,1279,26325,3
水果刀,NA,NA,NA,NA,6,301,6
遗迹,2.4,NA,NA,NA,194,18129,1
天安门,NA,NA,NA,NA,9,4771,7
喇嘛,1.75,NA,NA,NA,48,12041,2
滑板公园,NA,NA,NA,NA,NA,NA,2
工具车,NA,NA,NA,NA,NA,NA,1
木舟,NA,NA,NA,NA,6,301,1
电杆,NA,NA,NA,NA,6,301,1
豪宅,NA,NA,NA,NA,NA,NA,1
塑料袋,NA,NA,NA,NA,31,2017,2
烤奶酪,NA,NA,NA,NA,NA,NA,1
船只,NA,NA,NA,NA,322,20334,1
玩偶,NA,NA,NA,NA,1538,27126,41
大拇指,NA,NA,NA,NA,343,20607,1
简餐,NA,NA,NA,NA,NA,NA,2
房顶,NA,NA,NA,NA,635,23284,8
下颌,NA,NA,NA,NA,75,13979,1
旗袍,1.3,NA,NA,NA,9,4771,1
凳子,1.304348,4.583 ,5.600 ,1.250 ,414,2143,9
战斗机,NA,NA,NA,NA,441,21703,50
图尔克,NA,NA,NA,NA,NA,NA,7
摊位,1.826087,NA,NA,NA,8,14314,4
樱花,1.137931,NA,NA,NA,143,16812,2
领导,1.793103,4.875 ,5.727 ,2.333 ,2829,29773,1
猪,NA,NA,NA,NA,5995,33034,1
咖啡车,NA,NA,NA,NA,NA,NA,1
上点,NA,NA,NA,NA,NA,NA,1
柱子,NA,4.667 ,4.955 ,1.583 ,289,19868,8
充气垫,NA,NA,NA,NA,NA,NA,1
半个人,NA,NA,NA,NA,NA,NA,1
奴人,NA,NA,NA,NA,NA,NA,1
帽衫,NA,NA,NA,NA,NA,NA,2
拖拉机挂车,NA,NA,NA,NA,NA,NA,1
通心面,NA,NA,NA,NA,NA,NA,1
浆,NA,NA,NA,NA,23,18865,1
棒球球员,NA,NA,NA,NA,NA,NA,1
睡袋,1.230769,NA,NA,NA,188,17993,4
越野车,NA,NA,NA,NA,137,16628,9
滑水者,NA,NA,NA,NA,NA,NA,1
砖头,NA,NA,NA,NA,25,19243,4
饼,NA,NA,NA,NA,4653,31934,37
投手,2.8,NA,NA,NA,605,23075,17
脖子,1.16,5.385 ,5.864 ,1.467 ,3813,31069,5
厨房柜台,NA,NA,NA,NA,NA,NA,1
老宅,NA,NA,NA,NA,18,7782,1
女生,NA,NA,NA,NA,5038,32279,35
橄榄球,NA,NA,NA,NA,2346,2896,1
电线,NA,4.917 ,5.476 ,2.154 ,882,24713,2
橙汁机,NA,NA,NA,NA,NA,NA,1
布雷德,NA,NA,NA,NA,3,0,1
汉堡,1.481481,NA,NA,NA,209,28457,35
老年人,NA,NA,NA,NA,31,2017,1
叉子,NA,5.900 ,5.571 ,2.067 ,391,21173,2
红茶,1.434783,NA,NA,NA,72,13802,2
帆船,1.36,NA,NA,NA,277,19685,55
自行车,NA,NA,NA,NA,2099,28476,5
表演人,NA,NA,NA,NA,NA,NA,1
希腊风味披萨,NA,NA,NA,NA,NA,NA,1
旗帜,1.705882,5.538 ,6.227 ,3.000 ,593,22989,1
泳衣,1.192308,NA,NA,NA,396,21239,3
牙刷,1.16129,3.000 ,6.545 ,2.000 ,501,22253,1
轨道,NA,4.154 ,5.409 ,3.100 ,1163,25911,20
工业桥梁,NA,NA,NA,NA,NA,NA,1
书,NA,NA,NA,NA,2132,38544,2
女孩们,NA,NA,NA,NA,NA,NA,3
鞋,NA,NA,NA,NA,6952,33677,3
太阳伞,NA,NA,NA,NA,NA,NA,3
服饰,1.75,NA,NA,NA,435,21644,1
驳船,2.181818,NA,NA,NA,45,11761,1
皮毛,2.228571,NA,NA,NA,179,17782,1
足球选手,NA,NA,NA,NA,NA,NA,1
纸,NA,NA,NA,NA,4245,31535,3
围巾,1.36,5.133 ,5.714 ,1.667 ,668,23502,2
建筑,NA,5.200 ,6.909 ,2.818 ,3199,30306,187
工程车,NA,NA,NA,NA,NA,NA,6
芝加哥披萨,NA,NA,NA,NA,NA,NA,1
纸巾,NA,NA,NA,NA,644,23345,1
凉亭,1.676471,NA,NA,NA,54,12553,2
单人划艇,NA,NA,NA,NA,NA,NA,1
走廊,1.888889,NA,NA,NA,234,28949,1
食品制造商,NA,NA,NA,NA,NA,NA,1
车棚,NA,NA,NA,NA,24,9031,2
男士,1.37037,NA,NA,NA,1028,25378,30
打电话的人,NA,NA,NA,NA,NA,NA,1
餐厅,1.277778,6.615 ,6.136 ,1.692 ,4149,31436,52
面罩,NA,NA,NA,NA,486,22122,1
拖车,1.423077,NA,NA,NA,1189,2601,1
老爷爷,NA,NA,NA,NA,137,16628,4
茶水,NA,NA,NA,NA,45,11761,1
八十,NA,NA,NA,NA,209,18451,2
西服,NA,6.200 ,4.818 ,2.714 ,519,22405,69
僧侣,NA,NA,NA,NA,209,18451,4
马车夫,NA,NA,NA,NA,27,9542,1
残骸,NA,NA,NA,NA,537,22553,1
背影,1.692308,NA,NA,NA,83,14472,17
肉馅,NA,NA,NA,NA,128,16335,1
男人的脸,NA,NA,NA,NA,NA,NA,1
生菜,NA,NA,NA,NA,152,17076,12
鸡,NA,NA,NA,NA,8737,3467,16
澡池子,NA,NA,NA,NA,NA,NA,2
美女,NA,NA,NA,NA,4141,31427,1
炒蛋,NA,NA,NA,NA,NA,NA,3
吧台,NA,NA,NA,NA,NA,NA,5
老太太,NA,NA,NA,NA,784,242,9
微波炉,NA,NA,NA,NA,534,22529,17
蝙蝠房,NA,NA,NA,NA,NA,NA,1
人头,NA,NA,NA,NA,423,21523,4
小腿,NA,NA,NA,NA,146,16902,1
竿,NA,NA,NA,NA,113,15798,1
烤炉,NA,NA,NA,NA,182,17853,23
连体服,NA,NA,NA,NA,NA,NA,1
蘑菇披萨,NA,NA,NA,NA,NA,NA,1
假花,NA,NA,NA,NA,NA,NA,1
废弃的拖车,NA,NA,NA,NA,NA,NA,1
长者,2.194444,NA,NA,NA,11,15682,2
鸡蛋饼,NA,NA,NA,NA,NA,NA,3
冲浪,2.038462,NA,NA,NA,2581,29375,11
推销员,NA,NA,NA,NA,477,22041,1
游泳衣,NA,NA,NA,NA,11,15682,1
彩棚,NA,NA,NA,NA,9,4771,1
器皿,1.923077,NA,NA,NA,78,1415,1
小汽车,NA,NA,NA,NA,63,13222,4
澡盆,NA,NA,NA,NA,72,13802,2
容器,2,5.615 ,5.818 ,2.909 ,844,24518,5
木屋,1.290323,NA,NA,NA,587,22945,17
走道,NA,NA,NA,NA,197,18195,1
白鹭,NA,NA,NA,NA,15,699,1
各自,NA,NA,NA,NA,1443,26848,1
意大利粉,NA,NA,NA,NA,NA,NA,2
船帆,NA,NA,NA,NA,45,11761,3
的杰瑞,NA,NA,NA,NA,NA,NA,1
牛雕塑,NA,NA,NA,NA,NA,NA,1
钟表,1.259259,NA,NA,NA,134,16532,7
拳击手套,NA,NA,NA,NA,NA,NA,1
坡道,1.777778,NA,NA,NA,33,10414,2
比萨,NA,NA,NA,NA,73,23892,104
龙头,NA,NA,NA,NA,2,18261,3
院落,NA,NA,NA,NA,6,301,1
店铺招牌,NA,NA,NA,NA,NA,NA,1
阴影,NA,NA,NA,NA,135,26561,2
体恤,NA,NA,NA,NA,98,15185,4
书台,NA,NA,NA,NA,NA,NA,3
沙滩,1.227273,6.083 ,6.091 ,2.357 ,1559,27185,19
庭院,NA,NA,NA,NA,253,19294,1
素食披萨,NA,NA,NA,NA,NA,NA,1
车尾,1.583333,NA,NA,NA,101,15315,6
偏僻的,NA,NA,NA,NA,NA,NA,1
轻轨,NA,NA,NA,NA,95,15051,1
比基尼女装,NA,NA,NA,NA,NA,NA,1
速度,3.166667,4.923 ,6.091 ,2.417 ,4272,31562,1
露营车,NA,NA,NA,NA,NA,NA,2
婚礼服,NA,NA,NA,NA,NA,NA,1
游艇,NA,NA,NA,NA,1091,25635,12
牛蹄子,NA,NA,NA,NA,NA,NA,1
人和狗和车,NA,NA,NA,NA,NA,NA,1
棒球棍,NA,NA,NA,NA,NA,NA,2
车坐椅,NA,NA,NA,NA,NA,NA,1
纸杯,1.333333,NA,NA,NA,447,21761,2
绳子,NA,3.357 ,6.091 ,2.071 ,237,29004,1
男运动员,NA,NA,NA,NA,NA,NA,2
道路,1.88,4.643 ,6.136 ,1.813 ,1863,27959,3
中年女人,NA,NA,NA,NA,NA,NA,1
运动人,NA,NA,NA,NA,NA,NA,1
狗狗,NA,NA,NA,NA,NA,NA,7
跳舞,1.84,5.167 ,5.667 ,1.167 ,10311,3539,1
棕熊,NA,NA,NA,NA,45,11761,4
蕉,NA,NA,NA,NA,21,8451,2
麦片,1.222222,NA,NA,NA,763,24082,16
男生,NA,NA,NA,NA,3106,30179,66
教练,NA,5.357 ,6.095 ,2.500 ,609,33103,2
支架,1.833333,NA,NA,NA,233,18921,1
咖啡店,NA,NA,NA,NA,778,24166,2
棒球帽,NA,NA,NA,NA,NA,NA,1
麦片面包,NA,NA,NA,NA,NA,NA,2
夏天长裙,NA,NA,NA,NA,NA,NA,1
车辆,1.269231,4.154 ,5.864 ,1.143 ,1428,26803,3
牛油果,NA,NA,NA,NA,NA,NA,2
休闲车,NA,NA,NA,NA,NA,NA,1
毛,NA,NA,NA,NA,6165,33156,10
蛋羹,NA,NA,NA,NA,6,301,1
梳妆镜,NA,NA,NA,NA,NA,NA,1
鞋子,1.266667,NA,NA,NA,3526,3073,3
女人和狗,NA,NA,NA,NA,NA,NA,1
它的员工,NA,NA,NA,NA,NA,NA,1
婴儿车,NA,NA,NA,NA,182,17853,12
大夏,NA,NA,NA,NA,NA,NA,1
电瓶车,NA,NA,NA,NA,12,6021,1
越野滑雪选手,NA,NA,NA,NA,NA,NA,1
浓汤,NA,NA,NA,NA,107,15563,1
猫垫,NA,NA,NA,NA,NA,NA,1
指示牌,NA,NA,NA,NA,NA,NA,4
派,NA,NA,NA,NA,17889,37782,18
猫窝,NA,NA,NA,NA,NA,NA,3
毛绒玩具,NA,NA,NA,NA,NA,NA,3
步行道,NA,NA,NA,NA,NA,NA,1
美国酒店,NA,NA,NA,NA,NA,NA,1
湖,NA,NA,NA,NA,2462,2917,4
车子,NA,NA,NA,NA,3273,30406,41
煎蛋,NA,NA,NA,NA,NA,NA,1
主子,NA,NA,NA,NA,63,13222,1
颚,NA,NA,NA,NA,63,13222,2
水杯,NA,NA,NA,NA,NA,NA,4
挺子,NA,NA,NA,NA,NA,NA,1
装饰,2.388889,6.231 ,6.091 ,3.000 ,1505,27033,1
弹琴,NA,NA,NA,NA,367,20899,1
妇女,1.433333,3.143 ,5.619 ,1.625 ,1789,27782,4
驯马师,NA,NA,NA,NA,NA,NA,1
玩球员,NA,NA,NA,NA,NA,NA,1
收音机,NA,NA,NA,NA,1371,26628,2
小吃,NA,NA,NA,NA,286,19823,1
员工,1.5,NA,NA,NA,3365,30527,2
羊毛,1.608696,NA,NA,NA,221,18692,1
高丽菜,NA,NA,NA,NA,NA,NA,2
半工装,NA,NA,NA,NA,NA,NA,1
女球员,NA,NA,NA,NA,NA,NA,1
运动,2.576923,6.308 ,6.455 ,2.933 ,5732,3284,4
鲨鱼人偶,NA,NA,NA,NA,NA,NA,1
渡轮,1.782609,NA,NA,NA,224,18751,2
孩子吃,NA,NA,NA,NA,NA,NA,1
飞盘玩家,NA,NA,NA,NA,NA,NA,1
稀粥,NA,NA,NA,NA,18,7782,1
狗娃娃,NA,NA,NA,NA,NA,NA,1
钢琴,1.194444,NA,NA,NA,2194,28669,1
酒店床,NA,NA,NA,NA,NA,NA,1
牛扒,NA,NA,NA,NA,NA,NA,1
雨伞桶,NA,NA,NA,NA,NA,NA,1
庞克夹克,NA,NA,NA,NA,NA,NA,1
划艇,NA,NA,NA,NA,6,1301,8
螺旋桨,NA,NA,NA,NA,137,16628,2
毛巾,1.314286,4.200 ,5.909 ,1.800 ,1377,26646,4
水果盘,NA,NA,NA,NA,NA,NA,2
意大利面,NA,NA,NA,NA,NA,NA,34
棚,NA,NA,NA,NA,462,21903,2
阿姨,NA,6.500 ,5.773 ,1.333 ,2361,28987,1
校车,NA,NA,NA,NA,NA,NA,11
帆,NA,NA,NA,NA,325,20374,5
住宅,1.478261,5.250 ,5.818 ,1.769 ,489,22148,1
人行通道,NA,NA,NA,NA,NA,NA,1
打网球,NA,NA,NA,NA,NA,NA,1
教会,1.896552,NA,NA,NA,1878,27993,5
饼皮,NA,NA,NA,NA,NA,NA,2
猫尾巴,NA,NA,NA,NA,NA,NA,1
水面,NA,NA,NA,NA,56,22742,2
汽车盖子,NA,NA,NA,NA,NA,NA,1
烤香蕉,NA,NA,NA,NA,NA,NA,1
四轮驱动车,NA,NA,NA,NA,NA,NA,2
赛艇,NA,NA,NA,NA,48,12041,4
西装套装,NA,NA,NA,NA,NA,NA,1
楼宇,NA,NA,NA,NA,3,0,2
臂,NA,NA,NA,NA,471,21987,1
男人头部,NA,NA,NA,NA,NA,NA,1
靠垫,NA,NA,NA,NA,69,13617,1
小朋友,NA,NA,NA,NA,1359,2659,8
海,NA,NA,NA,NA,5282,32485,6
滑翔机,NA,NA,NA,NA,6,1301,10
马路,1.346154,5.000 ,6.318 ,1.417 ,1067,25539,3
桅杆,2.464286,NA,NA,NA,75,13979,1
蝴蝶结,NA,NA,NA,NA,152,17076,21
爬梯,NA,NA,NA,NA,NA,NA,1
沙地,NA,NA,NA,NA,83,14472,1
午餐,NA,NA,NA,NA,423,3152,3
束带,NA,NA,NA,NA,NA,NA,1
帮助,2.28,4.692 ,6.409 ,1.400 ,29908,40014,2
体育场,NA,NA,NA,NA,355,20755,1
水禽,NA,NA,NA,NA,3,0,1
亚洲餐,NA,NA,NA,NA,NA,NA,1
旅游车,NA,NA,NA,NA,24,9031,1
灰姑娘,NA,NA,NA,NA,459,21875,2
灶台,1.583333,NA,NA,NA,15,699,2
钟,NA,NA,NA,NA,742,3396,39
战车,NA,NA,NA,NA,224,18751,1
聚餐,NA,NA,NA,NA,256,19345,2
男性后背,NA,NA,NA,NA,NA,NA,1
滑冰,NA,NA,NA,NA,704,23729,2
烹饪凳,NA,NA,NA,NA,NA,NA,1
妈妈,1.166667,5.308 ,6.818 ,1.077 ,76699,44104,5
运动员的腿,NA,NA,NA,NA,NA,NA,1
球员,1.73913,NA,NA,NA,1705,27574,56
裁判,2.038462,NA,NA,NA,118,25977,14
轮船,1.36,5.417 ,6.773 ,1.385 ,143,16812,3
保安,1.625,NA,NA,NA,4045,31326,1
脸,NA,NA,NA,NA,15182,3707,18
车轮,NA,NA,NA,NA,34,20569,1
桥面,NA,NA,NA,NA,12,6021,2
救生服,NA,NA,NA,NA,NA,NA,1
消防车,NA,NA,NA,NA,155,1716,43
双板,NA,NA,NA,NA,NA,NA,2
光头男,NA,NA,NA,NA,NA,NA,1
打字,1.444444,NA,NA,NA,218,18633,1
盖布,NA,NA,NA,NA,NA,NA,1
西红寺,NA,NA,NA,NA,NA,NA,1
飞行玩具,NA,NA,NA,NA,NA,NA,1
速降滑雪,NA,NA,NA,NA,NA,NA,1
到,NA,NA,NA,NA,415942,51447,1
玫瑰花玻璃瓶,NA,NA,NA,NA,NA,NA,1
中国餐馆,NA,NA,NA,NA,NA,NA,1
河水,NA,NA,NA,NA,256,19345,2
打电话,NA,NA,NA,NA,33652,40527,1
酸奶,NA,NA,NA,NA,635,23284,1
出轿车,NA,NA,NA,NA,NA,NA,1
餐馆门牌,NA,NA,NA,NA,NA,NA,1
葡萄酒,NA,NA,NA,NA,966,25105,2
笔记本电,NA,NA,NA,NA,NA,NA,1
厨房卓,NA,NA,NA,NA,NA,NA,1
洗漱用品,NA,NA,NA,NA,NA,NA,1
水,NA,NA,NA,NA,22598,38797,25
男人和小狗娃娃,NA,NA,NA,NA,NA,NA,1
雨棚,NA,NA,NA,NA,NA,NA,1
清濛,NA,NA,NA,NA,NA,NA,1
案件,2.782609,3.750 ,6.136 ,2.357 ,4704,31981,1
运动上衣,NA,NA,NA,NA,NA,NA,1
咖啡厅,NA,NA,NA,NA,NA,NA,3
喷射,NA,NA,NA,NA,322,20334,12
游戏机手柄,NA,NA,NA,NA,NA,NA,1
风帆,2.269231,NA,NA,NA,48,12041,1
樱花树,NA,NA,NA,NA,6,301,2
茶,NA,NA,NA,NA,3711,30952,13
披萨料,NA,NA,NA,NA,NA,NA,1
颈子,NA,NA,NA,NA,NA,NA,1
长发,NA,NA,NA,NA,391,21173,2
瑞士军刀,NA,NA,NA,NA,NA,NA,3
百吉饼,NA,NA,NA,NA,NA,NA,7
猫床,NA,NA,NA,NA,NA,NA,1
乒乓球,NA,NA,NA,NA,224,18751,1
小妹妹,NA,NA,NA,NA,NA,NA,1
遮阳棚,NA,NA,NA,NA,NA,NA,8
盘子,1.290323,5.000 ,6.273 ,1.357 ,1595,27284,46
冰淇淋,NA,NA,NA,NA,166,27459,4
马甲,2.038462,NA,NA,NA,128,16335,23
胸部,1.652174,NA,NA,NA,2352,28971,6
鲨鱼服装,NA,NA,NA,NA,NA,NA,1
阿婆,NA,NA,NA,NA,21,8451,1
滑板,NA,NA,NA,NA,772,24133,17
老师,1.347826,5.917 ,6.773 ,1.286 ,11563,35887,1
削苹果,NA,NA,NA,NA,NA,NA,1
灯罩,NA,NA,NA,NA,51,12304,1
上身,NA,NA,NA,NA,492,22175,3
红色礼服,NA,NA,NA,NA,NA,NA,3
宠物鼠,NA,NA,NA,NA,NA,NA,1
天,NA,NA,NA,NA,151014,47047,1
红色的,NA,NA,NA,NA,NA,NA,2
巨嘴鸟风筝,NA,NA,NA,NA,NA,NA,1
大厅,1.346154,NA,NA,NA,2218,28716,1
鹦鹉鸟,NA,NA,NA,NA,NA,NA,1
外袍,NA,NA,NA,NA,NA,NA,1
跳台滑雪,NA,NA,NA,NA,NA,NA,1
宝宝车,NA,NA,NA,NA,NA,NA,1
上层,NA,2.231 ,5.318 ,2.692 ,385,21106,1
皮砸,NA,NA,NA,NA,NA,NA,1
卷饼,NA,NA,NA,NA,NA,NA,4
高脚杯,NA,NA,NA,NA,33,10414,4
长袖,NA,NA,NA,NA,104,15441,3
身体,1.461538,4.643 ,6.476 ,1.786 ,14201,3678,4
水瓶,NA,NA,NA,NA,NA,NA,3
短袖衬衫,NA,NA,NA,NA,NA,NA,1
衫,NA,NA,NA,NA,686,23617,2
推车,NA,NA,NA,NA,NA,NA,6
酒杯,1.428571,NA,NA,NA,274,19638,12
滑翔器,NA,NA,NA,NA,NA,NA,1
丹顶鹤,NA,NA,NA,NA,3,0,1
扶手,1.347826,NA,NA,NA,182,17853,1
北极熊,NA,NA,NA,NA,197,18195,8
守门员,NA,NA,NA,NA,155,1716,13
套房床,NA,NA,NA,NA,NA,NA,1
老人,NA,6.182 ,6.545 ,1.846 ,1878,27993,32
男孩,1.458333,NA,NA,NA,14246,36793,387
炸物,NA,NA,NA,NA,NA,NA,1
黑伞,NA,NA,NA,NA,NA,NA,1
网球运动员,NA,NA,NA,NA,NA,NA,29
病人,1.5,5.000 ,6.409 ,1.333 ,10177,35333,6
果盘,NA,NA,NA,NA,21,8451,7
喝,NA,NA,NA,NA,41745,41463,3
馅饼,1.409091,NA,NA,NA,1893,28028,10
项链,NA,NA,NA,NA,1997,28261,6
木桥,NA,NA,NA,NA,6,301,6
卡车,1.208333,2.786 ,5.864 ,1.938 ,46,31884,221
铁路桥下侧,NA,NA,NA,NA,NA,NA,1
滑翔伞,NA,NA,NA,NA,39,11139,8
杯子,1.314286,3.909 ,5.955 ,2.417 ,1613,27332,44
花瓶,1.448276,NA,NA,NA,522,2243,1
被,NA,NA,NA,NA,195833,48175,3
摊子,NA,NA,NA,NA,83,14472,1
主持人,NA,NA,NA,NA,141,26749,1
洗车场,NA,NA,NA,NA,NA,NA,1
鲨鱼玩偶,NA,NA,NA,NA,NA,NA,1
安全帽,NA,NA,NA,NA,72,13802,3
桌子和书桌,NA,NA,NA,NA,NA,NA,1
红酒,NA,NA,NA,NA,NA,NA,2
脚,NA,NA,NA,NA,11435,35839,4
女棒球手,NA,NA,NA,NA,NA,NA,1
动物园馆屋顶,NA,NA,NA,NA,NA,NA,1
汤,NA,NA,NA,NA,6,301,7
喇叭,1.36,3.600 ,6.409 ,2.000 ,596,2301,1
酱,NA,NA,NA,NA,1663,27466,6
骑手,NA,NA,NA,NA,238,19031,3
饼馅,NA,NA,NA,NA,NA,NA,1
粉红裙子,NA,NA,NA,NA,NA,NA,1
浴缸,1.225806,NA,NA,NA,1252,26232,264
博饼,NA,NA,NA,NA,NA,NA,5
桥底,NA,NA,NA,NA,NA,NA,1
茶花,1.483871,NA,NA,NA,6,301,1
街灯,1.538462,NA,NA,NA,42,11461,1
娘服,NA,NA,NA,NA,NA,NA,1
贩售卖处,NA,NA,NA,NA,NA,NA,1
恤,NA,NA,NA,NA,1386,26675,52
坐在桌子上的女孩,NA,NA,NA,NA,NA,NA,1
杂志,1.434783,5.846 ,5.682 ,2.071 ,7139,33793,1
婚纱,1.347826,NA,NA,NA,996,25237,35
胸毛,NA,NA,NA,NA,NA,NA,1
料,NA,NA,NA,NA,2274,28825,1
太空人,NA,NA,NA,NA,179,17782,1
羊群,1.5,NA,NA,NA,119,16021,11
包馅面包,NA,NA,NA,NA,NA,NA,1
闲聊,2.791667,NA,NA,NA,513,22355,1
麦圈,NA,NA,NA,NA,NA,NA,1
聚会,1.931034,NA,NA,NA,6576,33436,3
床单,NA,NA,NA,NA,823,24409,8
鲜花,1.148148,4.714 ,5.810 ,1.583 ,733,23909,1
砖,NA,NA,NA,NA,575,22856,3
公交车座位,NA,NA,NA,NA,NA,NA,1
梯子,NA,NA,NA,NA,704,23729,2
餐盒,NA,NA,NA,NA,24,9031,1
白人,1.62963,NA,NA,NA,4904,32162,1
奶牛,NA,NA,NA,NA,465,21931,85
运输车,NA,NA,NA,NA,8,14314,1
妇人,NA,4.889 ,5.318 ,2.000 ,313,20212,3
酒吧台,NA,NA,NA,NA,NA,NA,1
饺子,1.233333,4.667 ,5.591 ,1.438 ,161,17324,1
符号,2.375,6.700 ,5.864 ,2.067 ,99,25211,1
门面,2.413793,NA,NA,NA,78,1415,1
倒酒,NA,NA,NA,NA,NA,NA,1
气球,NA,3.273 ,6.286 ,2.167 ,888,24742,5
玩,NA,NA,NA,NA,38851,4115,1
城楼,NA,NA,NA,NA,3,0,7
人,NA,NA,NA,NA,581026,52898,1322
稀饭,NA,NA,NA,NA,21,8451,1
机动车,NA,NA,NA,NA,39,11139,1
废墟,2.111111,NA,NA,NA,513,22355,3
牵牛花,NA,NA,NA,NA,8,14314,1
猫粮,NA,NA,NA,NA,NA,NA,8
吉普,NA,NA,NA,NA,638,23304,2
苹果,1.259259,3.667 ,5.737 ,1.800 ,2283,28842,2
大车,NA,NA,NA,NA,9,4771,2
酒柜台,NA,NA,NA,NA,NA,NA,1
反光镜,NA,NA,NA,NA,33,10414,7
包心菜,NA,NA,NA,NA,6,301,2
越南粉,NA,NA,NA,NA,NA,NA,1
坚果,NA,NA,NA,NA,513,22355,2
野餐桌,NA,NA,NA,NA,NA,NA,5
打手,2.205882,NA,NA,NA,373,20969,1
文,NA,NA,NA,NA,3249,30374,1
电视遥控器,NA,NA,NA,NA,NA,NA,1
烟囱,1.32,5.429 ,5.182 ,2.250 ,331,20453,2
木桩,NA,NA,NA,NA,194,18129,3
废车,NA,NA,NA,NA,NA,NA,1
人们,NA,4.500 ,6.182 ,2.188 ,23818,39025,8
打鸡蛋,NA,NA,NA,NA,NA,NA,1
鸡蛋卷,NA,NA,NA,NA,NA,NA,1
溜板人,NA,NA,NA,NA,NA,NA,1
沙发,1.4,3.917 ,6.000 ,1.615 ,2707,29581,256
浴室,1.321429,NA,NA,NA,228,28837,5
救护车,NA,NA,NA,NA,2468,2918,2
烤肉,1.625,NA,NA,NA,864,24624,6
西装背心,NA,NA,NA,NA,NA,NA,2
画,NA,NA,NA,NA,11313,35792,1
地毯,NA,3.273 ,6.045 ,2.667 ,1786,27774,1
情侣,1.466667,NA,NA,NA,873,24669,4
厢式轿车,NA,NA,NA,NA,NA,NA,1
青少年,NA,NA,NA,NA,127,26294,1
紫罗兰花,NA,NA,NA,NA,NA,NA,1
面包,1.115385,4.833 ,6.524 ,1.429 ,358,30795,637
苹果刀,NA,NA,NA,NA,NA,NA,1
捅,NA,NA,NA,NA,1774,27745,1
龙舟,1.384615,NA,NA,NA,15,699,1
订书机,NA,NA,NA,NA,131,16435,6
帽子,1.233333,3.455 ,6.364 ,1.533 ,4629,31912,20
毕业袍,NA,NA,NA,NA,NA,NA,1
高地牛,NA,NA,NA,NA,NA,NA,1
门脸,NA,NA,NA,NA,6,301,3
空间,3.538462,4.200 ,6.318 ,1.833 ,4427,31717,1
办公设备,NA,NA,NA,NA,NA,NA,1
蔬菜汁,NA,NA,NA,NA,NA,NA,1
玩具车,NA,NA,NA,NA,NA,NA,1
棒球小子,NA,NA,NA,NA,NA,NA,2
人脸,NA,NA,NA,NA,89,14771,9
汽车引擎盖,NA,NA,NA,NA,NA,NA,3
帖子,NA,NA,NA,NA,NA,NA,1
塔台,NA,NA,NA,NA,134,16532,1
腿,NA,NA,NA,NA,1117,35737,22
汽修店,NA,NA,NA,NA,NA,NA,1
烧烤盘,NA,NA,NA,NA,NA,NA,3
楼,NA,NA,NA,NA,10672,35539,40
麋鹿,1.333333,NA,NA,NA,137,16628,1
滑雪,1.857143,NA,NA,NA,897,24786,14
奶油蛋糕,NA,NA,NA,NA,NA,NA,5
母女,NA,NA,NA,NA,325,20374,2
路牌,1.5,NA,NA,NA,98,15185,8
网球爱好者,NA,NA,NA,NA,NA,NA,1
宠物狗,NA,NA,NA,NA,NA,NA,5
松饼,NA,NA,NA,NA,NA,NA,3
柜子,NA,5.250 ,5.727 ,1.429 ,981,25172,4
挂钟,1.361111,NA,NA,NA,18,7782,1
雨伞,1.541667,NA,NA,NA,206,18388,18
航班,1.923077,NA,NA,NA,2626,2945,6
河流,1.576923,5.800 ,5.727 ,1.833 ,468,21959,1
马场,NA,NA,NA,NA,NA,NA,1
鸡块,NA,NA,NA,NA,NA,NA,1
街球手,NA,NA,NA,NA,NA,NA,1
电灯,1.375,5.000 ,6.182 ,1.688 ,125,16232,1
石板路,NA,NA,NA,NA,NA,NA,1
繁殖,2.347826,3.400 ,5.182 ,3.929 ,373,20969,1
栈道,2.185185,NA,NA,NA,12,6021,1
洋白菜,NA,NA,NA,NA,3,0,1
点,NA,NA,NA,NA,231514,48902,1
女主,NA,NA,NA,NA,NA,NA,1
牛背,NA,NA,NA,NA,NA,NA,2
罗威勒狗,NA,NA,NA,NA,NA,NA,1
鸟头,NA,NA,NA,NA,NA,NA,1
沙发床,NA,NA,NA,NA,21,8451,6
浴盆,NA,NA,NA,NA,295,19956,11
吊车,NA,NA,NA,NA,11,15682,2
变薄,NA,NA,NA,NA,NA,NA,1
遮布,NA,NA,NA,NA,NA,NA,1
吃,NA,NA,NA,NA,6,301,3
食物亭子,NA,NA,NA,NA,NA,NA,1
睡觉,1.25,6.333 ,6.409 ,1.364 ,11921,3602,1
店员,1.703704,NA,NA,NA,361,20828,1
妻子,1.434783,2.889 ,6.227 ,1.727 ,19358,38125,1
石桥,NA,NA,NA,NA,36,10792,1
玛芬,NA,NA,NA,NA,24,9031,1
米饭,1.290323,6.200 ,6.714 ,1.571 ,438,21673,1
海滩,1.387097,NA,NA,NA,3306,30449,9
格子衬衫,NA,NA,NA,NA,NA,NA,1
塑胶桶,NA,NA,NA,NA,NA,NA,1
着色,2.875,NA,NA,NA,57,12788,1
直升机,NA,NA,NA,NA,2784,29703,1
船屋,NA,NA,NA,NA,NA,NA,2
滑雪衣,NA,NA,NA,NA,NA,NA,1
滚轮椅,NA,NA,NA,NA,NA,NA,1
小车,NA,NA,NA,NA,23,18865,3
祖父母,NA,NA,NA,NA,259,19395,1
男人和女人,NA,NA,NA,NA,NA,NA,2
雪撬棒,NA,NA,NA,NA,NA,NA,1
咕噜头,NA,NA,NA,NA,NA,NA,1
卤,NA,NA,NA,NA,42,11461,1
冲浪选手,NA,NA,NA,NA,NA,NA,3
房屋,NA,4.071 ,6.909 ,1.462 ,1008,25289,28
铁碗,NA,NA,NA,NA,NA,NA,1
行车镜,NA,NA,NA,NA,NA,NA,1
书包,NA,5.733 ,6.182 ,1.214 ,277,19685,10
网球选手,NA,NA,NA,NA,NA,NA,9
军用机,NA,NA,NA,NA,6,301,1
包包,NA,NA,NA,NA,NA,NA,1
野餐,1.538462,NA,NA,NA,757,24048,1
液体,1.869565,4.900 ,6.000 ,1.800 ,802,24298,1
亚洲冲浪者,NA,NA,NA,NA,NA,NA,1
平台,NA,NA,NA,NA,611,23118,2
城市,1.76,4.714 ,5.955 ,2.214 ,9983,35249,1
米,NA,NA,NA,NA,9044,3482,2
驴,NA,NA,NA,NA,608,23096,2
女人身体,NA,NA,NA,NA,NA,NA,1
护栏,NA,NA,NA,NA,131,16435,4
隧道,1.454545,6.188 ,6.182 ,2.600 ,152,27076,6
卡马拉,NA,NA,NA,NA,3,0,1
车顶盖,NA,NA,NA,NA,NA,NA,1
门口,NA,4.444 ,6.045 ,1.667 ,2495,29227,1
学者,NA,5.692 ,5.682 ,2.786 ,56,22742,1
橙柱,NA,NA,NA,NA,NA,NA,1
啤酒,1.222222,5.357 ,6.045 ,2.750 ,6886,33636,14
中巴车,NA,NA,NA,NA,NA,NA,1
果汁,1.541667,NA,NA,NA,138,26656,1
图书,1.625,NA,NA,NA,322,20334,1
大熊,NA,NA,NA,NA,39,11139,1
衣,NA,NA,NA,NA,1792,27789,3
滑鼠,NA,NA,NA,NA,NA,NA,1
墙,NA,NA,NA,NA,5029,32271,18
亭子,NA,4.583 ,5.455 ,2.083 ,39,11139,1
炸鸡排,NA,NA,NA,NA,NA,NA,2
河,NA,NA,NA,NA,3383,3055,7
面馆,NA,NA,NA,NA,NA,NA,1
仿牛展,NA,NA,NA,NA,NA,NA,1
皮卡,NA,NA,NA,NA,78,1415,18
餐桌,1.272727,NA,NA,NA,59,22967,48
电脑,1.096774,NA,NA,NA,9569,35065,34
限高栏,NA,NA,NA,NA,NA,NA,1
小菜一碟,NA,NA,NA,NA,NA,NA,1
客机,1.84,NA,NA,NA,158,17243,5
街牌,NA,NA,NA,NA,NA,NA,1
冰淇淋车,NA,NA,NA,NA,NA,NA,1
顾客,1.608696,4.231 ,5.500 ,2.133 ,2942,29943,1
球衣,1.310345,NA,NA,NA,203,18325,12
袈裟,NA,NA,NA,NA,NA,NA,9
男童,NA,NA,NA,NA,69,13617,1
表,NA,NA,NA,NA,451,31798,1
老头,NA,NA,NA,NA,1905,28055,1
车道,NA,NA,NA,NA,668,23502,1
植物,2,3.143 ,6.091 ,1.938 ,1294,26375,7
地,NA,NA,NA,NA,53684,42555,3
招牌,2.478261,NA,NA,NA,426,21553,21
房车,NA,NA,NA,NA,NA,NA,4
狗衣服,NA,NA,NA,NA,NA,NA,2
狗子,NA,NA,NA,NA,3,0,1
家居服,NA,NA,NA,NA,3,0,1
工作桌子,NA,NA,NA,NA,NA,NA,1
鲨鱼,1.285714,NA,NA,NA,1857,27945,7
斗牛士,NA,NA,NA,NA,NA,NA,1
女从,NA,NA,NA,NA,NA,NA,1
制服,1.608696,4.364 ,5.000 ,3.353 ,2611,29425,4
铁路过桥,NA,NA,NA,NA,NA,NA,1
等待,3.296296,4.214 ,6.143 ,2.417 ,5685,32804,1
羊头,NA,NA,NA,NA,NA,NA,1
遮阳布,NA,NA,NA,NA,NA,NA,1
刀剑,1.354839,NA,NA,NA,18,7782,1
放,NA,NA,NA,NA,56933,4281,1
钟塔,NA,NA,NA,NA,66,13424,3
望远镜,NA,NA,NA,NA,608,23096,1
碟子,1.346154,NA,NA,NA,233,18921,12
小楼,NA,NA,NA,NA,NA,NA,1
鸽子,1.37037,5.917 ,5.545 ,2.188 ,1407,26739,14
交通,2.033333,4.923 ,6.273 ,2.167 ,2859,29818,1
领结,NA,NA,NA,NA,209,18451,30
红花,NA,NA,NA,NA,95,15051,1
睡袍,NA,NA,NA,NA,182,17853,16
鹳,NA,NA,NA,NA,39,11139,3
面包片,NA,NA,NA,NA,8,14314,4
门柱,NA,NA,NA,NA,6,1301,1
运动衫,NA,NA,NA,NA,337,20531,4
村妇,NA,NA,NA,NA,NA,NA,1
观景台,NA,NA,NA,NA,NA,NA,1
溜冰,1.75,NA,NA,NA,483,22095,11
马术拖车,NA,NA,NA,NA,NA,NA,1
领子,NA,NA,NA,NA,137,16628,7
带狗的女人,NA,NA,NA,NA,NA,NA,1
湖畔,1.608696,NA,NA,NA,54,12553,1
牛油刀,NA,NA,NA,NA,NA,NA,3
棉羊,NA,NA,NA,NA,NA,NA,3
工作空间,NA,NA,NA,NA,NA,NA,1
橙,NA,NA,NA,NA,292,19912,1
女仔,NA,NA,NA,NA,NA,NA,1
孩子们,NA,NA,NA,NA,NA,NA,9
战机,1.8,NA,NA,NA,629,23243,14
卓,NA,NA,NA,NA,244,19138,1
冬衣,NA,NA,NA,NA,12,6021,1
切水果,NA,NA,NA,NA,NA,NA,1
车身,1.5,NA,NA,NA,113,15798,1
家猫,NA,NA,NA,NA,NA,NA,1
铁道,NA,5.000 ,5.545 ,3.000 ,98,15185,1
机器,2.111111,5.692 ,5.727 ,2.000 ,5094,32327,1
沙子,NA,3.167 ,6.048 ,3.091 ,796,24265,2
露台,NA,NA,NA,NA,NA,NA,1
刀,NA,NA,NA,NA,8171,34379,310
牛油果酱,NA,NA,NA,NA,NA,NA,1
鳥,NA,NA,NA,NA,NA,NA,1
少男,NA,NA,NA,NA,42,11461,1
树丛,NA,NA,NA,NA,322,20334,1
皮划艇,NA,NA,NA,NA,42,11461,12
咖喱,1.652174,NA,NA,NA,355,20755,1
冰激凌,NA,NA,NA,NA,87,24654,1
时钟,1.333333,NA,NA,NA,298,2,6
棒球击球手,NA,NA,NA,NA,NA,NA,3
車,NA,NA,NA,NA,NA,NA,1
少女,1.878788,2.846 ,5.818 ,1.308 ,1407,26739,2
大门,NA,NA,NA,NA,18,2781,1
乐师,NA,NA,NA,NA,69,13617,1
碎花裙,NA,NA,NA,NA,NA,NA,1
香槟,1.423077,NA,NA,NA,2415,29085,1
摩托车,NA,NA,NA,NA,155,2716,15
蒲公英,NA,NA,NA,NA,92,14914,13
