word	concreteness	imageability	familiarity	age_of_acquisition	freq_zh	log_freq_zh	context_div_zh	freq_mn
毛巾	1.314286	4.200 	5.909 	1.800 	1377	26646	320	4
滑冰	NA	NA	NA	NA	704	23729	85	2
胳膊	1.08	4.000 	6.455 	1.143 	2522	29274	591	3
果盘	NA	NA	NA	NA	21	8451	6	7
谬	NA	NA	NA	NA	188	17993	15	1
鸭	NA	NA	NA	NA	6	301	1	3
长袖	NA	NA	NA	NA	104	15441	29	3
婚礼	1.833333	NA	NA	NA	10079	3529	916	1
角色扮演	NA	NA	NA	NA	NA	NA	NA	1
蛋黄	1.652174	NA	NA	NA	256	19345	61	7
皮肤	1.461538	4.700 	5.864 	2.333 	3437	30618	767	1
蔬菜汁	NA	NA	NA	NA	NA	NA	NA	1
大众汽车	NA	NA	NA	NA	NA	NA	NA	1
女性聚会者	NA	NA	NA	NA	NA	NA	NA	1
房屋	NA	4.071 	6.909 	1.462 	1008	25289	233	28
被子	NA	6.000 	5.619 	1.818 	37	20934	106	21
冰淇凌	NA	NA	NA	NA	NA	NA	NA	1
彩棚	NA	NA	NA	NA	9	4771	2	1
网球拍与男孩	NA	NA	NA	NA	NA	NA	NA	1
紫罗兰花	NA	NA	NA	NA	NA	NA	NA	1
纸飞机	NA	NA	NA	NA	NA	NA	NA	1
防风衣	NA	NA	NA	NA	NA	NA	NA	1
飞盘	NA	NA	NA	NA	NA	NA	NA	4
毛绒鹦鹉	NA	NA	NA	NA	NA	NA	NA	1
格子衬衫	NA	NA	NA	NA	NA	NA	NA	1
鞋	NA	NA	NA	NA	6952	33677	1161	3
投球手	NA	NA	NA	NA	NA	NA	NA	8
设备	2.178571	5.938 	6.455 	2.200 	33	30441	703	1
椅	NA	NA	NA	NA	388	21139	97	1
大头菜	NA	NA	NA	NA	24	9031	5	1
拖车	1.423077	NA	NA	NA	1189	2601	232	1
古屋	NA	NA	NA	NA	NA	NA	NA	1
反光镜	NA	NA	NA	NA	33	10414	9	7
宾馆	1.538462	7.000 	5.818 	1.636 	1136	25809	200	2
鹤	NA	NA	NA	NA	3	0	1	13
车板	NA	NA	NA	NA	NA	NA	NA	1
铁路桥下侧	NA	NA	NA	NA	NA	NA	NA	1
军用机	NA	NA	NA	NA	6	301	2	1
穴道	NA	NA	NA	NA	27	9542	5	1
小贩	NA	NA	NA	NA	164	17404	41	1
睡袋	1.230769	NA	NA	NA	188	17993	46	4
横幅	NA	NA	NA	NA	107	15563	27	1
冲浪员	NA	NA	NA	NA	NA	NA	NA	1
庭院	NA	NA	NA	NA	253	19294	53	1
衬衣	NA	NA	NA	NA	912	24857	211	22
滑雪玩家	NA	NA	NA	NA	NA	NA	NA	1
男生	NA	NA	NA	NA	3106	30179	546	66
微波	NA	NA	NA	NA	2	18261	41	1
挎包	NA	NA	NA	NA	NA	NA	NA	1
飞机模型	NA	NA	NA	NA	NA	NA	NA	1
饺子	1.233333	4.667 	5.591 	1.438 	161	17324	39	1
文	NA	NA	NA	NA	3249	30374	603	1
卡车后备箱	NA	NA	NA	NA	NA	NA	NA	2
西红寺	NA	NA	NA	NA	NA	NA	NA	1
摄像机	NA	NA	NA	NA	2248	28774	462	1
稀饭	NA	NA	NA	NA	21	8451	4	1
机箱盖	NA	NA	NA	NA	NA	NA	NA	1
棒球运动员	NA	NA	NA	NA	NA	NA	NA	8
岩石	1.346154	6.313 	5.955 	1.933 	1058	25502	178	2
山羊	1.04	NA	NA	NA	9	248	129	39
事故	2.129032	4.545 	6.955 	2.692 	4284	31575	766	1
棒球盔	NA	NA	NA	NA	NA	NA	NA	1
外袍	NA	NA	NA	NA	NA	NA	NA	1
板凳	1.137931	NA	NA	NA	188	17993	40	1
松饼	NA	NA	NA	NA	NA	NA	NA	3
老爷爷	NA	NA	NA	NA	137	16628	33	4
水果派	NA	NA	NA	NA	NA	NA	NA	1
网球手	NA	NA	NA	NA	NA	NA	NA	18
标志	2.625	3.267 	5.000 	2.250 	2093	28463	504	1
大楼	1.347826	NA	NA	NA	3655	30885	671	23
连身裙	NA	NA	NA	NA	NA	NA	NA	1
老车	NA	NA	NA	NA	3	0	1	2
装饰	2.388889	6.231 	6.091 	3.000 	1505	27033	366	1
南瓜	1.172414	NA	NA	NA	894	24771	151	1
走路廊	NA	NA	NA	NA	NA	NA	NA	1
衣裳	NA	4.923 	5.727 	2.100 	57	12788	18	5
广场人	NA	NA	NA	NA	NA	NA	NA	1
咖啡馆	NA	NA	NA	NA	554	22695	125	2
主子	NA	NA	NA	NA	63	13222	18	1
玩具头盔	NA	NA	NA	NA	NA	NA	NA	1
挺	NA	NA	NA	NA	22664	3881	3319	1
公交车座位	NA	NA	NA	NA	NA	NA	NA	1
平躺	NA	NA	NA	NA	57	12788	15	1
宝	NA	NA	NA	NA	2328	28927	350	1
新娘	1.230769	NA	NA	NA	2638	29469	402	4
向日葵	NA	NA	NA	NA	316	20253	32	19
青柠檬	NA	NA	NA	NA	NA	NA	NA	1
面包	1.115385	4.833 	6.524 	1.429 	358	30795	730	637
沔阳	NA	NA	NA	NA	NA	NA	NA	1
箱子	1.608696	3.600 	6.091 	1.214 	4486	31775	636	7
年轻人	NA	NA	NA	NA	4519	31807	1039	3
米粉	1.2	NA	NA	NA	24	9031	5	1
休旅车	NA	NA	NA	NA	NA	NA	NA	2
纸巾	NA	NA	NA	NA	644	23345	152	1
床脚	NA	NA	NA	NA	NA	NA	NA	1
交通	2.033333	4.923 	6.273 	2.167 	2859	29818	670	1
意大利面条	NA	NA	NA	NA	NA	NA	NA	2
灰姑娘	NA	NA	NA	NA	459	21875	84	2
倒影	2.321429	NA	NA	NA	146	16902	41	2
男众	NA	NA	NA	NA	NA	NA	NA	1
舞蹈	1.923077	NA	NA	NA	8388	34493	451	1
拱桥	1.76	NA	NA	NA	6	301	2	2
外层	NA	NA	NA	NA	78	1415	24	1
栈道	2.185185	NA	NA	NA	12	6021	4	1
肉片	NA	NA	NA	NA	57	12788	15	1
体恤衫	NA	NA	NA	NA	27	9542	8	4
剪子	NA	NA	NA	NA	286	19823	56	3
赛艇	NA	NA	NA	NA	48	12041	8	4
马棚	NA	NA	NA	NA	42	11461	10	1
裙子	1.681818	5.300 	5.318 	1.867 	3467	30656	619	240
恤	NA	NA	NA	NA	1386	26675	300	52
老奶奶	NA	NA	NA	NA	289	19868	53	2
人赛车摩托	NA	NA	NA	NA	NA	NA	NA	1
公交车	NA	NA	NA	NA	NA	NA	NA	25
龙舟	1.384615	NA	NA	NA	15	699	1	1
道	NA	NA	NA	NA	11199	35748	2041	1
尾巴	1.652174	5.231 	5.364 	2.267 	1163	25911	268	5
物	NA	NA	NA	NA	4456	31746	975	1
剪刀	1.457143	NA	NA	NA	116	25899	167	2
运动的	NA	NA	NA	NA	NA	NA	NA	1
女人	NA	6.083 	6.318 	1.231 	4289	4158	4137	860
罐	NA	NA	NA	NA	2212	28704	490	1
游戏手控	NA	NA	NA	NA	NA	NA	NA	1
摄影师	NA	NA	NA	NA	2227	28733	338	1
铝型材	NA	NA	NA	NA	NA	NA	NA	1
弹琴	NA	NA	NA	NA	367	20899	86	1
火车座位	NA	NA	NA	NA	NA	NA	NA	1
挂钟	1.361111	NA	NA	NA	18	7782	5	1
柠檬	1.130435	NA	NA	NA	966	25105	195	9
帆布	1.666667	NA	NA	NA	122	16128	37	1
机尾	NA	NA	NA	NA	NA	NA	NA	1
玩偶	NA	NA	NA	NA	1538	27126	144	41
猪	NA	NA	NA	NA	5995	33034	864	1
风衣	NA	NA	NA	NA	54	12553	13	1
熊	NA	NA	NA	NA	4382	31673	506	116
电器	1.956522	4.692 	5.818 	2.067 	307	20128	80	5
行李箱	NA	NA	NA	NA	334	20492	79	5
天桥	1.518519	NA	NA	NA	215	18573	45	17
澡池子	NA	NA	NA	NA	NA	NA	NA	2
水牛	NA	NA	NA	NA	319	20294	52	2
滤水壶	NA	NA	NA	NA	NA	NA	NA	1
热狗肠	NA	NA	NA	NA	NA	NA	NA	1
遮雨棚	NA	NA	NA	NA	NA	NA	NA	1
灯框	NA	NA	NA	NA	NA	NA	NA	1
正餐	1.807692	NA	NA	NA	134	16532	31	1
紫禁城	NA	NA	NA	NA	15	699	4	1
消防车	NA	NA	NA	NA	155	1716	37	43
门	NA	NA	NA	NA	12	6021	3	2
小孩子们	NA	NA	NA	NA	NA	NA	NA	1
给姿势	NA	NA	NA	NA	NA	NA	NA	1
剪彩	2.083333	NA	NA	NA	57	12788	15	1
牛背	NA	NA	NA	NA	NA	NA	NA	2
白酒	1.307692	NA	NA	NA	128	16335	35	1
裤子	1.37037	5.154 	6.136 	1.286 	5577	32721	1050	18
客人	1.638889	4.923 	5.909 	2.333 	578	32876	1171	1
晚礼服	NA	NA	NA	NA	349	20682	79	2
羊头	NA	NA	NA	NA	NA	NA	NA	1
羽绒马甲	NA	NA	NA	NA	NA	NA	NA	1
大车	NA	NA	NA	NA	9	4771	3	2
狗脸	NA	NA	NA	NA	NA	NA	NA	1
标签	2.043478	NA	NA	NA	1002	25263	271	2
比基尼女装	NA	NA	NA	NA	NA	NA	NA	1
喝	NA	NA	NA	NA	41745	41463	4206	3
小妹妹	NA	NA	NA	NA	NA	NA	NA	1
计算机	NA	NA	NA	NA	1243	26201	251	4
水管	1.083333	NA	NA	NA	918	24886	209	1
衣饰	2	NA	NA	NA	24	9031	8	1
屋顶	1.4	NA	NA	NA	2379	2902	470	19
多士	NA	NA	NA	NA	NA	NA	NA	1
背包	NA	NA	NA	NA	891	24757	197	6
遮布	NA	NA	NA	NA	NA	NA	NA	1
钢铁桥梁	NA	NA	NA	NA	NA	NA	NA	1
白菜	NA	3.786 	6.286 	1.833 	78	1415	16	2
售货亭	NA	NA	NA	NA	3	0	1	1
鸡	NA	NA	NA	NA	8737	3467	1061	16
香蕉花	NA	NA	NA	NA	NA	NA	NA	1
棒球选手	NA	NA	NA	NA	NA	NA	NA	28
炒米饭	NA	NA	NA	NA	NA	NA	NA	1
步行桥	NA	NA	NA	NA	NA	NA	NA	1
塑料袋	NA	NA	NA	NA	31	2017	70	2
马屁	NA	NA	NA	NA	NA	NA	NA	1
运输机	NA	NA	NA	NA	11	15682	30	1
玻璃门	NA	NA	NA	NA	NA	NA	NA	1
车房	NA	NA	NA	NA	NA	NA	NA	3
厨师	1.3	NA	NA	NA	1306	26415	256	4
手链	NA	NA	NA	NA	NA	NA	NA	1
馅儿	NA	NA	NA	NA	9	4771	3	1
番茄汁	NA	NA	NA	NA	NA	NA	NA	1
牛像	NA	NA	NA	NA	NA	NA	NA	1
水果	1.730769	4.308 	6.591 	1.545 	1762	27716	393	16
芝加哥披萨	NA	NA	NA	NA	NA	NA	NA	1
少考	NA	NA	NA	NA	NA	NA	NA	1
米饭	1.290323	6.200 	6.714 	1.571 	438	21673	81	1
照相机	NA	NA	NA	NA	745	23979	175	4
船只	NA	NA	NA	NA	322	20334	74	1
电动车	NA	NA	NA	NA	63	13222	17	1
宠物与主人	NA	NA	NA	NA	NA	NA	NA	1
围脖	NA	NA	NA	NA	12	6021	4	1
亚洲餐	NA	NA	NA	NA	NA	NA	NA	1
棒球棍	NA	NA	NA	NA	NA	NA	NA	2
祖母	NA	5.923 	6.045 	1.333 	172	27612	305	1
羊	NA	NA	NA	NA	2078	28432	302	493
门牌	1.461538	NA	NA	NA	63	13222	19	4
头盔冲浪者	NA	NA	NA	NA	NA	NA	NA	1
担纲	NA	NA	NA	NA	3	0	1	1
僧衣	NA	NA	NA	NA	NA	NA	NA	1
面包干	NA	NA	NA	NA	6	301	2	1
古董车	NA	NA	NA	NA	NA	NA	NA	1
蛋	NA	NA	NA	NA	7703	34123	1322	5
野鸟	NA	NA	NA	NA	NA	NA	NA	1
天	NA	NA	NA	NA	151014	47047	6117	1
桥车	NA	NA	NA	NA	NA	NA	NA	1
酱料	NA	NA	NA	NA	NA	NA	NA	5
浴盆	NA	NA	NA	NA	295	19956	65	11
铜板	NA	NA	NA	NA	11	15682	24	1
杂志	1.434783	5.846 	5.682 	2.071 	7139	33793	1047	1
笑脸	NA	NA	NA	NA	48	22068	127	2
阳伞	1.652174	NA	NA	NA	104	15441	16	6
包包	NA	NA	NA	NA	NA	NA	NA	1
僧侣	NA	NA	NA	NA	209	18451	35	4
贸易	2.88	4.600 	5.810 	3.357 	692	23655	145	1
亭子	NA	4.583 	5.455 	2.083 	39	11139	10	1
救生服	NA	NA	NA	NA	NA	NA	NA	1
饭菜	1.7	NA	NA	NA	325	20374	94	1
酒柜台	NA	NA	NA	NA	NA	NA	NA	1
哭泣的小朋友	NA	NA	NA	NA	NA	NA	NA	1
花	NA	NA	NA	NA	2667	39517	3902	305
老太太	NA	NA	NA	NA	784	242	188	9
狗的脚	NA	NA	NA	NA	NA	NA	NA	1
别墅	1.387097	NA	NA	NA	1016	25328	238	18
市场	2.866667	3.769 	6.727 	2.733 	3213	30326	689	1
光头男	NA	NA	NA	NA	NA	NA	NA	1
网袜	NA	NA	NA	NA	NA	NA	NA	1
人的上半身	NA	NA	NA	NA	NA	NA	NA	1
婚车	NA	NA	NA	NA	NA	NA	NA	1
流浪汉	NA	NA	NA	NA	948	25024	191	3
计算机桌子	NA	NA	NA	NA	NA	NA	NA	1
夹子	NA	NA	NA	NA	238	19031	50	1
鹳	NA	NA	NA	NA	39	11139	11	3
三明治	NA	NA	NA	NA	3422	30599	646	25
泡沫	2.517241	3.533 	5.818 	2.750 	471	21987	128	1
酒杯	1.428571	NA	NA	NA	274	19638	72	12
料	NA	NA	NA	NA	2274	28825	610	1
水鸟	NA	NA	NA	NA	NA	NA	NA	2
麦克风	NA	NA	NA	NA	921	249	206	2
煎蛋卷	NA	NA	NA	NA	NA	NA	NA	1
削苹果	NA	NA	NA	NA	NA	NA	NA	1
塔	NA	NA	NA	NA	417	31458	607	23
塔克	NA	NA	NA	NA	277	19685	17	2
餐馆门牌	NA	NA	NA	NA	NA	NA	NA	1
速度	3.166667	4.923 	6.091 	2.417 	4272	31562	974	1
巧克力蛋糕	NA	NA	NA	NA	NA	NA	NA	1
休息点	NA	NA	NA	NA	NA	NA	NA	1
鳄梨	NA	NA	NA	NA	NA	NA	NA	1
钟塔	NA	NA	NA	NA	66	13424	10	3
店牌	NA	NA	NA	NA	NA	NA	NA	1
洋白菜	NA	NA	NA	NA	3	0	1	1
迪士尼公主	NA	NA	NA	NA	NA	NA	NA	1
棒球男孩	NA	NA	NA	NA	NA	NA	NA	1
长裙	NA	NA	NA	NA	8	14314	22	1
蛋挞	NA	NA	NA	NA	NA	NA	NA	1
滑翔机	NA	NA	NA	NA	6	1301	16	10
洗脸盆	NA	NA	NA	NA	NA	NA	NA	1
焦糖奶泡	NA	NA	NA	NA	NA	NA	NA	1
笔记本电脑	NA	NA	NA	NA	NA	NA	NA	16
炖菜	NA	NA	NA	NA	NA	NA	NA	1
饭店	NA	4.417 	6.364 	1.692 	1923	28096	345	23
沙滩帐篷	NA	NA	NA	NA	NA	NA	NA	1
路标	NA	NA	NA	NA	155	1716	43	5
奶油	1.72	NA	NA	NA	1499	27016	363	22
水果沙拉	NA	NA	NA	NA	NA	NA	NA	1
麦片面包	NA	NA	NA	NA	NA	NA	NA	2
蕉	NA	NA	NA	NA	21	8451	5	2
滑雪板老兄的脚	NA	NA	NA	NA	NA	NA	NA	1
起重车	NA	NA	NA	NA	NA	NA	NA	1
煎饼	NA	NA	NA	NA	888	24742	162	5
大夏	NA	NA	NA	NA	NA	NA	NA	1
棒球衣	NA	NA	NA	NA	NA	NA	NA	3
麻雀	1.153846	5.500 	5.409 	2.267 	176	17709	34	1
新郎	NA	NA	NA	NA	933	24955	166	1
河水	NA	NA	NA	NA	256	19345	68	2
香蕉	1.130435	3.636 	6.381 	1.529 	1177	25966	254	8
限高栏	NA	NA	NA	NA	NA	NA	NA	1
面具式背包	NA	NA	NA	NA	NA	NA	NA	1
羊群	1.5	NA	NA	NA	119	16021	37	11
螃蟹	1.083333	NA	NA	NA	608	23096	97	4
皮筏艇	NA	NA	NA	NA	NA	NA	NA	3
燕麦	NA	NA	NA	NA	158	17243	42	2
运动衫	NA	NA	NA	NA	337	20531	77	4
萨其马	NA	NA	NA	NA	3	0	1	1
滑板爱好者	NA	NA	NA	NA	NA	NA	NA	1
飞行	2.043478	5.714 	6.050 	1.833 	3127	30208	428	3
颈子	NA	NA	NA	NA	NA	NA	NA	1
车库	NA	NA	NA	NA	1598	27292	367	40
网球	1.153846	6.071 	5.227 	2.250 	1016	25328	186	20
喷射机	NA	NA	NA	NA	NA	NA	NA	1
水	NA	NA	NA	NA	22598	38797	3094	25
颚	NA	NA	NA	NA	63	13222	15	2
巧克力	NA	NA	NA	NA	5047	32287	847	2
汽修店	NA	NA	NA	NA	NA	NA	NA	1
零食	1.633333	NA	NA	NA	453	21818	122	2
女主	NA	NA	NA	NA	NA	NA	NA	1
车厢	NA	4.083 	5.409 	2.467 	668	23502	139	8
卫衣	NA	NA	NA	NA	NA	NA	NA	13
粉	NA	NA	NA	NA	1601	273	346	1
西装背心	NA	NA	NA	NA	NA	NA	NA	2
鹦鹉	1.222222	NA	NA	NA	379	21038	91	44
鹿	NA	NA	NA	NA	1547	27152	249	7
过街天桥	NA	NA	NA	NA	NA	NA	NA	1
冲浪人	NA	NA	NA	NA	NA	NA	NA	1
梯子	NA	NA	NA	NA	704	23729	142	2
鲜花	1.148148	4.714 	5.810 	1.583 	733	23909	177	1
棒球	1.166667	NA	NA	NA	3419	30596	511	17
滑水运动员	NA	NA	NA	NA	NA	NA	NA	1
奶油蛋糕	NA	NA	NA	NA	NA	NA	NA	5
鸟类	2.28	NA	NA	NA	292	19912	66	1
滑雪	1.857143	NA	NA	NA	897	24786	186	14
桅杆	2.464286	NA	NA	NA	75	13979	16	1
越野滑雪者	NA	NA	NA	NA	NA	NA	NA	1
汽车架	NA	NA	NA	NA	NA	NA	NA	1
婚纱	1.347826	NA	NA	NA	996	25237	128	35
西餐	1.708333	4.733 	6.364 	2.938 	21	8451	6	4
阿姨	NA	6.500 	5.773 	1.333 	2361	28987	392	1
老婆婆	NA	NA	NA	NA	98	15185	23	1
球手	NA	NA	NA	NA	238	19031	47	9
烤奶酪	NA	NA	NA	NA	NA	NA	NA	1
滑雪板	NA	NA	NA	NA	95	15051	24	8
店员	1.703704	NA	NA	NA	361	20828	96	1
客机	1.84	NA	NA	NA	158	17243	34	5
直升机	NA	NA	NA	NA	2784	29703	433	1
酸奶碗	NA	NA	NA	NA	NA	NA	NA	2
电滑翔伞	NA	NA	NA	NA	NA	NA	NA	1
花瓶	1.448276	NA	NA	NA	522	2243	121	1
连帽衫	NA	NA	NA	NA	NA	NA	NA	9
家庭	2.181818	4.500 	6.273 	1.385 	14955	37004	2435	5
桌布	1.130435	NA	NA	NA	134	16532	34	4
亚洲男子羽毛球运动员	NA	NA	NA	NA	NA	NA	NA	1
阴影	NA	NA	NA	NA	135	26561	323	2
剃毛	NA	NA	NA	NA	NA	NA	NA	1
办公台	NA	NA	NA	NA	NA	NA	NA	1
小牛	NA	NA	NA	NA	113	15798	25	1
手表	1.259259	5.533 	6.273 	1.250 	1523	27084	296	2
印第安帐篷	NA	NA	NA	NA	NA	NA	NA	1
水杯	NA	NA	NA	NA	NA	NA	NA	4
镜子	1.4	5.923 	6.048 	1.643 	2301	28876	419	97
沙滩	1.227273	6.083 	6.091 	2.357 	1559	27185	321	19
机动车	NA	NA	NA	NA	39	11139	12	1
外国男子	NA	NA	NA	NA	NA	NA	NA	1
铁轨	NA	NA	NA	NA	331	20453	61	41
天主教大教堂	NA	NA	NA	NA	NA	NA	NA	1
服装	1.541667	5.417 	6.227 	1.786 	2713	2959	487	8
甜甜圈	NA	NA	NA	NA	NA	NA	NA	26
上本身	NA	NA	NA	NA	NA	NA	NA	1
娘服	NA	NA	NA	NA	NA	NA	NA	1
笔记本	NA	NA	NA	NA	1177	25966	265	1
鲨鱼服装	NA	NA	NA	NA	NA	NA	NA	1
妻子	1.434783	2.889 	6.227 	1.727 	19358	38125	2401	1
麦片	1.222222	NA	NA	NA	763	24082	160	16
预感	3.653846	NA	NA	NA	1365	26609	369	1
充电垫子	NA	NA	NA	NA	NA	NA	NA	1
帽了	NA	NA	NA	NA	NA	NA	NA	1
猫猫	NA	NA	NA	NA	NA	NA	NA	1
柜子	NA	5.250 	5.727 	1.429 	981	25172	243	4
体恤	NA	NA	NA	NA	98	15185	25	4
医院	NA	4.750 	5.773 	1.429 	1607	37317	1994	1
上衣	NA	4.000 	5.048 	1.400 	1112	25717	251	80
躯干	NA	NA	NA	NA	122	16128	37	3
连衣裙	NA	NA	NA	NA	128	16335	28	54
餐馆	NA	NA	NA	NA	3446	3063	614	17
体育场	NA	NA	NA	NA	355	20755	74	1
棚顶	NA	NA	NA	NA	NA	NA	NA	3
钢琴	1.194444	NA	NA	NA	2194	28669	314	1
球	NA	NA	NA	NA	21227	38525	1763	1
衣领	NA	NA	NA	NA	158	17243	41	18
栈桥	NA	NA	NA	NA	9	4771	3	7
咖喱	1.652174	NA	NA	NA	355	20755	72	1
起重机	NA	NA	NA	NA	253	19294	50	1
帽衣	NA	NA	NA	NA	NA	NA	NA	1
向日癸	NA	NA	NA	NA	NA	NA	NA	1
主食	NA	NA	NA	NA	18	7782	5	1
工作空间	NA	NA	NA	NA	NA	NA	NA	1
烤面包	NA	NA	NA	NA	NA	NA	NA	1
客车	NA	3.583 	5.571 	2.200 	6	1301	14	13
艺术展	NA	NA	NA	NA	83	14472	23	1
甜圏	NA	NA	NA	NA	NA	NA	NA	1
杯碟	NA	NA	NA	NA	NA	NA	NA	1
碎花裙	NA	NA	NA	NA	NA	NA	NA	1
桥洞	NA	NA	NA	NA	6	301	1	2
折叠桌	NA	NA	NA	NA	NA	NA	NA	1
小宝宝	NA	NA	NA	NA	396	21239	102	1
露营	1.884615	NA	NA	NA	879	24698	180	1
刀子	NA	3.500 	5.818 	1.417 	1046	25453	227	22
费劲	NA	NA	NA	NA	414	2143	129	1
桥底	NA	NA	NA	NA	NA	NA	NA	1
朋友	1.666667	2.769 	6.364 	1.000 	77555	44153	5439	3
工作桌子	NA	NA	NA	NA	NA	NA	NA	1
收	NA	NA	NA	NA	9649	35101	2016	1
学生	1.615385	2.400 	6.455 	1.800 	877	34686	1238	2
炒饭	1.269231	NA	NA	NA	6	1301	16	5
车道	NA	NA	NA	NA	668	23502	180	1
盖子	NA	4.231 	5.318 	1.900 	349	20682	106	2
吐司	NA	NA	NA	NA	NA	NA	NA	6
狗头	NA	NA	NA	NA	42	11461	12	3
样	NA	NA	NA	NA	12	6021	4	1
马车夫	NA	NA	NA	NA	27	9542	7	1
植物	2	3.143 	6.091 	1.938 	1294	26375	273	7
躺椅	NA	NA	NA	NA	125	16232	35	1
水果刀	NA	NA	NA	NA	6	301	2	6
螺旋桨	NA	NA	NA	NA	137	16628	26	2
打棒球	NA	NA	NA	NA	NA	NA	NA	1
装饰狗	NA	NA	NA	NA	NA	NA	NA	1
大熊	NA	NA	NA	NA	39	11139	7	1
衫	NA	NA	NA	NA	686	23617	161	2
下半身	NA	NA	NA	NA	NA	NA	NA	3
咕噜头	NA	NA	NA	NA	NA	NA	NA	1
电脑桌	NA	NA	NA	NA	NA	NA	NA	11
礼服	1.628571	NA	NA	NA	1726	27627	304	22
玩具飞机	NA	NA	NA	NA	NA	NA	NA	1
脖子	1.16	5.385 	5.864 	1.467 	3813	31069	909	5
塑料刀	NA	NA	NA	NA	NA	NA	NA	2
猫床	NA	NA	NA	NA	NA	NA	NA	1
辈子	NA	NA	NA	NA	3052	30103	837	1
挺子	NA	NA	NA	NA	NA	NA	NA	1
西红柿	NA	NA	NA	NA	277	19685	62	2
婆婆	1.419355	3.308 	5.727 	2.933 	513	22355	56	2
肠	NA	NA	NA	NA	635	23284	154	1
车头	NA	NA	NA	NA	247	19191	41	16
男性	NA	NA	NA	NA	2695	29562	618	22
滑雪人	NA	NA	NA	NA	NA	NA	NA	3
照明灯	NA	NA	NA	NA	54	12553	14	1
驯马师	NA	NA	NA	NA	NA	NA	NA	1
会议桌	NA	NA	NA	NA	3	1	9	7
简餐	NA	NA	NA	NA	NA	NA	NA	2
电脑设备	NA	NA	NA	NA	NA	NA	NA	1
墙	NA	NA	NA	NA	5029	32271	987	18
祖父母	NA	NA	NA	NA	259	19395	73	1
旗袍	1.3	NA	NA	NA	9	4771	2	1
点	NA	NA	NA	NA	231514	48902	6194	1
木桩	NA	NA	NA	NA	194	18129	36	3
客户	NA	NA	NA	NA	6463	33361	992	1
景点	NA	NA	NA	NA	92	14914	30	1
滑板	NA	NA	NA	NA	772	24133	106	17
黑车	NA	NA	NA	NA	3	1	9	1
滑鼠	NA	NA	NA	NA	NA	NA	NA	1
逛街	NA	NA	NA	NA	NA	NA	NA	1
桶子	NA	NA	NA	NA	NA	NA	NA	2
鹿子	NA	NA	NA	NA	NA	NA	NA	1
旅馆床	NA	NA	NA	NA	NA	NA	NA	1
龙头	NA	NA	NA	NA	2	18261	49	3
闲聊	2.791667	NA	NA	NA	513	22355	152	1
孩子	1.478261	5.100 	6.095 	1.733 	111019	4571	5216	149
电线杆	NA	NA	NA	NA	131	16435	31	5
德士	NA	NA	NA	NA	NA	NA	NA	2
披萨边	NA	NA	NA	NA	NA	NA	NA	5
牛排刀	NA	NA	NA	NA	NA	NA	NA	1
笼子	1.384615	4.308 	6.909 	3.091 	1014	25315	205	1
黄油	NA	3.500 	5.045 	3.091 	864	24624	205	1
蛋糕	1.346154	3.357 	6.455 	1.417 	5923	32982	829	298
儿童	1.424242	6.154 	6.000 	1.571 	3833	31092	758	25
猫头鹰	NA	NA	NA	NA	426	21553	58	1
邮政	NA	5.000 	5.409 	3.600 	128	16335	36	1
渡轮	1.782609	NA	NA	NA	224	18751	19	2
羽绒服	NA	NA	NA	NA	6	301	1	3
播放	2.518519	NA	NA	NA	1467	2692	374	1
救生衣	NA	NA	NA	NA	134	16532	30	8
斯卡特	NA	NA	NA	NA	21	8451	1	1
马甲	2.038462	NA	NA	NA	128	16335	29	23
反射弧	NA	NA	NA	NA	12	6021	4	1
小卖部	NA	NA	NA	NA	104	15441	25	1
哭	NA	NA	NA	NA	11366	35813	1814	1
嘴鹦鹉	NA	NA	NA	NA	NA	NA	NA	1
树	NA	NA	NA	NA	6409	33324	969	9
黄色	2.25	3.583 	6.136 	1.545 	1961	28182	452	1
太阳伞	NA	NA	NA	NA	NA	NA	NA	3
滑雪的人	NA	NA	NA	NA	NA	NA	NA	1
雪	NA	NA	NA	NA	2886	29859	507	3
贝果	NA	NA	NA	NA	NA	NA	NA	12
座子	NA	NA	NA	NA	6	301	2	16
西装打领带	NA	NA	NA	NA	NA	NA	NA	1
钟表	1.259259	NA	NA	NA	134	16532	34	7
房车	NA	NA	NA	NA	NA	NA	NA	4
汽车盖子	NA	NA	NA	NA	NA	NA	NA	1
武士	2	NA	NA	NA	1443	26848	167	1
面高	NA	NA	NA	NA	NA	NA	NA	1
女童	1.583333	NA	NA	NA	101	15315	24	2
楼	NA	NA	NA	NA	10672	35539	1787	40
吊车	NA	NA	NA	NA	11	15682	13	2
派	NA	NA	NA	NA	17889	37782	2619	18
生菜	NA	NA	NA	NA	152	17076	43	12
谷物	1.961538	NA	NA	NA	25	19243	58	1
游戏	NA	4.700 	6.182 	1.455 	17087	37583	2210	1
游艇	NA	NA	NA	NA	1091	25635	199	12
骑车	NA	NA	NA	NA	638	23304	148	1
铁路	1.36	3.077 	6.182 	1.846 	724	23856	116	11
网球裙	NA	NA	NA	NA	NA	NA	NA	5
皮砸	NA	NA	NA	NA	NA	NA	NA	1
歼击机	NA	NA	NA	NA	6	301	1	1
生活用品	NA	NA	NA	NA	NA	NA	NA	1
台子	NA	NA	NA	NA	215	18573	64	3
滑雪男孩	NA	NA	NA	NA	NA	NA	NA	1
飞机清洁工	NA	NA	NA	NA	NA	NA	NA	1
鹭	NA	NA	NA	NA	6	1301	5	1
工业桥梁	NA	NA	NA	NA	NA	NA	NA	1
青少年	NA	NA	NA	NA	127	26294	275	1
表	NA	NA	NA	NA	451	31798	911	1
餐车	NA	NA	NA	NA	14	16721	30	6
束带	NA	NA	NA	NA	NA	NA	NA	1
盖布	NA	NA	NA	NA	NA	NA	NA	1
瓶子	NA	5.300 	5.545 	1.467 	1496	27007	323	2
高地牛	NA	NA	NA	NA	NA	NA	NA	1
棚	NA	NA	NA	NA	462	21903	97	2
救生员吉普车	NA	NA	NA	NA	NA	NA	NA	1
女郎	NA	NA	NA	NA	2194	28669	387	1
木头	NA	4.333 	6.955 	1.250 	1356	2658	289	8
遮阳布	NA	NA	NA	NA	NA	NA	NA	1
鳥	NA	NA	NA	NA	NA	NA	NA	1
裙摆	NA	NA	NA	NA	NA	NA	NA	1
跳舞	1.84	5.167 	5.667 	1.167 	10311	3539	1174	1
打印机	NA	NA	NA	NA	173	17634	37	1
旅行照	NA	NA	NA	NA	NA	NA	NA	1
桥梁	1.5	4.923 	6.857 	2.636 	259	19395	69	20
固体胶	NA	NA	NA	NA	NA	NA	NA	1
稀粥	NA	NA	NA	NA	18	7782	6	1
鏡子	NA	NA	NA	NA	NA	NA	NA	1
货船	NA	NA	NA	NA	194	18129	47	1
小刀	NA	NA	NA	NA	286	19823	83	7
酒店	NA	NA	NA	NA	6144	33141	892	8
西装外套	NA	NA	NA	NA	NA	NA	NA	3
演员	NA	4.692 	6.143 	2.600 	8558	3458	1145	1
的杰瑞	NA	NA	NA	NA	NA	NA	NA	1
越南拌粉	NA	NA	NA	NA	NA	NA	NA	1
手	NA	NA	NA	NA	44744	41764	4720	27
通心面	NA	NA	NA	NA	NA	NA	NA	1
战车	NA	NA	NA	NA	224	18751	47	1
人物	NA	5.143 	6.318 	3.063 	6004	33041	1378	1
滑雪教练	NA	NA	NA	NA	NA	NA	NA	1
地下道	NA	NA	NA	NA	NA	NA	NA	1
朋友们	NA	NA	NA	NA	NA	NA	NA	1
米	NA	NA	NA	NA	9044	3482	1002	2
男青年	NA	NA	NA	NA	NA	NA	NA	3
干果	1.633333	NA	NA	NA	42	11461	9	1
厕所	1.230769	5.889 	5.864 	2.333 	5014	32258	1047	9
网球拍	NA	NA	NA	NA	45	11761	13	5
绿夹克	NA	NA	NA	NA	NA	NA	NA	1
体育运动员	NA	NA	NA	NA	NA	NA	NA	3
烤蛋糕	NA	NA	NA	NA	NA	NA	NA	1
人行道	NA	NA	NA	NA	477	22041	135	9
竹酒店	NA	NA	NA	NA	NA	NA	NA	1
女人和狗	NA	NA	NA	NA	NA	NA	NA	1
橙	NA	NA	NA	NA	292	19912	70	1
号码	1.913043	6.385 	6.909 	3.300 	9348	34964	1531	1
母羊	NA	NA	NA	NA	NA	NA	NA	1
吃披萨	NA	NA	NA	NA	NA	NA	NA	1
肉饼	NA	NA	NA	NA	274	19638	60	2
商店	1.615385	6.250 	6.182 	1.727 	3649	30878	800	18
水盆	NA	NA	NA	NA	NA	NA	NA	1
青年	2.153846	4.800 	6.227 	2.467 	963	25092	227	4
喷头	NA	NA	NA	NA	63	13222	19	1
锅	NA	NA	NA	NA	1028	25378	250	1
铁板烧	NA	NA	NA	NA	NA	NA	NA	3
长发	NA	NA	NA	NA	391	21173	102	2
狗衣服	NA	NA	NA	NA	NA	NA	NA	2
赵灿	NA	NA	NA	NA	NA	NA	NA	1
老兄	NA	NA	NA	NA	13316	365	1520	1
小腿	NA	NA	NA	NA	146	16902	44	1
黑人	NA	NA	NA	NA	6179	33166	722	3
画	NA	NA	NA	NA	11313	35792	1289	1
火车	1.133333	5.214 	6.045 	1.929 	457	31855	637	9
贩售卖处	NA	NA	NA	NA	NA	NA	NA	1
速降滑雪	NA	NA	NA	NA	NA	NA	NA	1
检查床	NA	NA	NA	NA	NA	NA	NA	1
小便器	NA	NA	NA	NA	NA	NA	NA	1
遮阳棚	NA	NA	NA	NA	NA	NA	NA	8
汽车引擎盖	NA	NA	NA	NA	NA	NA	NA	3
店铺	1.851852	NA	NA	NA	361	20828	82	30
羽绒衣	NA	NA	NA	NA	6	301	1	1
罗马时钟	NA	NA	NA	NA	NA	NA	NA	1
西斯武士	NA	NA	NA	NA	NA	NA	NA	1
通粉	NA	NA	NA	NA	NA	NA	NA	1
红花	NA	NA	NA	NA	95	15051	7	1
飞行玩具	NA	NA	NA	NA	NA	NA	NA	1
店	NA	NA	NA	NA	12797	36328	1852	17
露台	NA	NA	NA	NA	NA	NA	NA	1
坚果	NA	NA	NA	NA	513	22355	99	2
头盔	1.076923	NA	NA	NA	1073	25563	209	77
套房床	NA	NA	NA	NA	NA	NA	NA	1
行人桥	NA	NA	NA	NA	NA	NA	NA	1
足球运动衣	NA	NA	NA	NA	NA	NA	NA	1
烧烤摊	NA	NA	NA	NA	NA	NA	NA	1
冰激淋	NA	NA	NA	NA	NA	NA	NA	1
羚羊	1.151515	NA	NA	NA	185	17924	43	3
炖肉	NA	NA	NA	NA	NA	NA	NA	1
牛雕塑	NA	NA	NA	NA	NA	NA	NA	1
酒吧	1.28	NA	NA	NA	8847	34725	1410	1
事物	NA	4.250 	6.318 	1.250 	2376	29015	580	2
白人男子	NA	NA	NA	NA	NA	NA	NA	1
脸盆	NA	NA	NA	NA	12	6021	3	1
牛油果	NA	NA	NA	NA	NA	NA	NA	2
面包片	NA	NA	NA	NA	8	14314	24	4
操场	1.194444	3.273 	6.455 	1.176 	414	2143	101	1
把手	2.115385	NA	NA	NA	435	21644	134	1
公路	1.576923	3.143 	6.273 	2.375 	2808	29741	555	2
楼面	NA	NA	NA	NA	NA	NA	NA	1
玫瑰花玻璃瓶	NA	NA	NA	NA	NA	NA	NA	1
销售员	NA	NA	NA	NA	331	20453	68	1
冲浪板	NA	NA	NA	NA	NA	NA	NA	5
比萨比萨	NA	NA	NA	NA	NA	NA	NA	2
绵羊	1.361111	NA	NA	NA	271	1959	71	62
庙	NA	NA	NA	NA	289	19868	49	2
车镜子	NA	NA	NA	NA	NA	NA	NA	1
奶奶	NA	3.769 	6.476 	1.067 	5694	3281	734	1
游船	NA	NA	NA	NA	125	16232	36	7
工作站	NA	NA	NA	NA	125	16232	26	1
棒球击球手	NA	NA	NA	NA	NA	NA	NA	3
太阳花	NA	NA	NA	NA	NA	NA	NA	4
盒饭	NA	NA	NA	NA	69	13617	12	1
刀擦刀擦	NA	NA	NA	NA	NA	NA	NA	1
城楼	NA	NA	NA	NA	3	0	1	7
公主	1.64	NA	NA	NA	3634	3086	513	8
批萨	NA	NA	NA	NA	NA	NA	NA	1
老头子	NA	NA	NA	NA	724	23856	155	1
滑板道	NA	NA	NA	NA	NA	NA	NA	1
网球服	NA	NA	NA	NA	NA	NA	NA	3
熊人	NA	NA	NA	NA	NA	NA	NA	1
咖啡车	NA	NA	NA	NA	NA	NA	NA	1
遮阳伞	NA	NA	NA	NA	57	12788	14	17
饭	NA	NA	NA	NA	5404	32584	1198	11
旅行车	NA	NA	NA	NA	212	18513	33	6
野餐桌	NA	NA	NA	NA	NA	NA	NA	5
空间	3.538462	4.200 	6.318 	1.833 	4427	31717	906	1
头	NA	NA	NA	NA	34525	40638	4379	20
鸡汉堡	NA	NA	NA	NA	NA	NA	NA	1
猫狗	NA	NA	NA	NA	NA	NA	NA	1
院落	NA	NA	NA	NA	6	301	1	1
鸡块	NA	NA	NA	NA	NA	NA	NA	1
窗子	NA	NA	NA	NA	56	22742	148	2
旅客	NA	6.000 	6.227 	1.692 	489	22148	115	1
冰激凌	NA	NA	NA	NA	87	24654	180	1
女足运动员	NA	NA	NA	NA	NA	NA	NA	2
东西	NA	4.000 	6.045 	1.733 	113654	45812	5958	1
算盘	1.805556	5.250 	6.318 	2.643 	95	15051	31	1
风筝情侣	NA	NA	NA	NA	NA	NA	NA	1
饱	NA	NA	NA	NA	1267	26284	360	2
案件	2.782609	3.750 	6.136 	2.357 	4704	31981	784	1
它的员工	NA	NA	NA	NA	NA	NA	NA	1
橄榄球	NA	NA	NA	NA	2346	2896	362	1
碗	NA	NA	NA	NA	2429	29112	494	156
棒球小子	NA	NA	NA	NA	NA	NA	NA	2
花朵	NA	4.308 	5.955 	1.067 	361	20828	95	36
鱼缸	1.222222	NA	NA	NA	23	18865	42	4
马车和男人	NA	NA	NA	NA	NA	NA	NA	1
壁橱	NA	NA	NA	NA	668	23502	155	1
车子	NA	NA	NA	NA	3273	30406	672	41
塑料船	NA	NA	NA	NA	NA	NA	NA	1
帆船	1.36	NA	NA	NA	277	19685	66	55
电脑做	NA	NA	NA	NA	NA	NA	NA	1
秃头男	NA	NA	NA	NA	NA	NA	NA	1
啤酒	1.222222	5.357 	6.045 	2.750 	6886	33636	1186	14
毯子	1.259259	NA	NA	NA	1082	25599	256	4
女孩	1.346154	NA	NA	NA	39339	41205	3606	561
牌匾	1.423077	NA	NA	NA	3	0	1	1
守门员	NA	NA	NA	NA	155	1716	32	13
妇女	1.433333	3.143 	5.619 	1.625 	1789	27782	371	4
胡萝卜	NA	NA	NA	NA	671	23522	136	4
蕃茄酱	NA	NA	NA	NA	NA	NA	NA	2
照相	1.638889	4.750 	6.190 	1.538 	856	24579	197	1
母女	NA	NA	NA	NA	325	20374	70	2
地道	NA	NA	NA	NA	754	24031	115	1
船屋	NA	NA	NA	NA	NA	NA	NA	2
长桌	NA	NA	NA	NA	6	301	2	1
喇叭	1.36	3.600 	6.409 	2.000 	596	2301	154	1
乒乓球台	NA	NA	NA	NA	9	4771	3	1
锡纸	1.259259	NA	NA	NA	8	14314	18	1
黑熊	NA	NA	NA	NA	6	1301	9	3
拳击手套	NA	NA	NA	NA	NA	NA	NA	1
小屋	NA	NA	NA	NA	1341	26532	307	7
海边	NA	NA	NA	NA	1297	26385	302	3
铁路桥	NA	NA	NA	NA	12	6021	3	2
小楼	NA	NA	NA	NA	NA	NA	NA	1
填充玩具熊	NA	NA	NA	NA	NA	NA	NA	2
笔记本电脑桌	NA	NA	NA	NA	NA	NA	NA	1
洗漱用品	NA	NA	NA	NA	NA	NA	NA	1
邮轮	1.608696	NA	NA	NA	78	1415	15	1
卡通	2.277778	NA	NA	NA	674	23541	159	1
飞翔伞	NA	NA	NA	NA	NA	NA	NA	1
蛋羹	NA	NA	NA	NA	6	301	2	1
兄弟	1.571429	3.250 	6.182 	1.308 	25728	39361	2717	1
游轮	NA	NA	NA	NA	14	16721	25	2
浓汤	NA	NA	NA	NA	107	15563	19	1
寿星	NA	NA	NA	NA	167	17482	46	1
滑鼠垫	NA	NA	NA	NA	NA	NA	NA	1
炒鸡蛋	NA	NA	NA	NA	NA	NA	NA	2
咸蛋	1.482759	NA	NA	NA	12	6021	3	1
羊肉	1.16129	NA	NA	NA	209	18451	51	4
饭桌	NA	NA	NA	NA	113	15798	34	2
菜花	NA	NA	NA	NA	27	9542	6	1
球拍	NA	NA	NA	NA	98	15185	23	3
城堡	1.678571	NA	NA	NA	2072	2842	270	44
书桌狗	NA	NA	NA	NA	NA	NA	NA	1
中年女人	NA	NA	NA	NA	NA	NA	NA	1
胸牌	NA	NA	NA	NA	NA	NA	NA	1
野营	NA	NA	NA	NA	584	22923	103	1
依着	NA	NA	NA	NA	NA	NA	NA	1
小菜一碟	NA	NA	NA	NA	NA	NA	NA	1
车脸	NA	NA	NA	NA	NA	NA	NA	1
游戏杆	NA	NA	NA	NA	NA	NA	NA	1
围栏	NA	NA	NA	NA	313	20212	76	5
仙女	3.458333	5.077 	5.818 	1.500 	662	23464	107	1
上床下桌	NA	NA	NA	NA	NA	NA	NA	1
栏杆	1.291667	6.200 	5.227 	2.571 	325	20374	83	20
胸部	1.652174	NA	NA	NA	2352	28971	541	6
滑雪衣	NA	NA	NA	NA	NA	NA	NA	1
木头路	NA	NA	NA	NA	NA	NA	NA	1
女孩儿	NA	NA	NA	NA	NA	NA	NA	1
爱尔兰酒吧	NA	NA	NA	NA	NA	NA	NA	1
裁判	2.038462	NA	NA	NA	118	25977	198	14
连廊	NA	NA	NA	NA	NA	NA	NA	1
白人	1.62963	NA	NA	NA	4904	32162	686	1
婴儿	1.242424	4.714 	5.850 	2.000 	42	31489	759	41
装饰品	NA	NA	NA	NA	268	19542	80	3
西装制服	NA	NA	NA	NA	NA	NA	NA	2
薯条披萨	NA	NA	NA	NA	NA	NA	NA	1
球桌	NA	NA	NA	NA	NA	NA	NA	1
教会	1.896552	NA	NA	NA	1878	27993	415	5
教练	NA	5.357 	6.095 	2.500 	609	33103	522	2
肉排	NA	NA	NA	NA	119	16021	25	1
时钟	1.333333	NA	NA	NA	298	2	70	6
烹饪凳	NA	NA	NA	NA	NA	NA	NA	1
汽车桌椅	NA	NA	NA	NA	NA	NA	NA	1
男女	1.875	NA	NA	NA	85	24548	242	1
奶酪	NA	NA	NA	NA	2546	29315	468	5
烤箱	NA	NA	NA	NA	584	22923	148	1
瑞士军刀	NA	NA	NA	NA	NA	NA	NA	3
汽车头	NA	NA	NA	NA	NA	NA	NA	1
快艇	NA	NA	NA	NA	146	16902	40	3
机械	NA	5.636 	5.636 	3.000 	1189	2601	246	1
猪排	NA	NA	NA	NA	274	19638	70	1
乒乓桌	NA	NA	NA	NA	NA	NA	NA	2
宝马	NA	NA	NA	NA	319	20294	58	1
故宫	NA	NA	NA	NA	NA	NA	NA	1
学者	NA	5.692 	5.682 	2.786 	56	22742	138	1
鸡排	NA	NA	NA	NA	NA	NA	NA	6
数字	1.695652	4.750 	6.318 	1.308 	4248	31538	812	3
晚餐	NA	4.917 	6.524 	1.273 	7178	33817	1331	1
球衣	1.310345	NA	NA	NA	203	18325	42	12
油炸圈饼	NA	NA	NA	NA	NA	NA	NA	2
救火车	NA	NA	NA	NA	72	13802	17	1
住宅	1.478261	5.250 	5.818 	1.769 	489	22148	146	1
生活必需品	NA	NA	NA	NA	NA	NA	NA	1
匹萨	NA	NA	NA	NA	NA	NA	NA	6
雪服	NA	NA	NA	NA	NA	NA	NA	1
停机坪	NA	NA	NA	NA	158	17243	40	1
汽水	1.333333	NA	NA	NA	742	23962	169	2
帖子	NA	NA	NA	NA	NA	NA	NA	1
棚子	NA	NA	NA	NA	134	16532	33	20
玉米饼	NA	NA	NA	NA	215	18573	50	1
肉丸	2.045455	NA	NA	NA	277	19685	49	1
汉堡	1.481481	NA	NA	NA	209	28457	392	35
的士	1.517241	NA	NA	NA	331	20453	71	3
烧烤机	NA	NA	NA	NA	NA	NA	NA	1
修理厂	NA	NA	NA	NA	116	15911	28	1
驳船	2.181818	NA	NA	NA	45	11761	9	1
城市	1.76	4.714 	5.955 	2.214 	9983	35249	1717	1
高脚杯	NA	NA	NA	NA	33	10414	9	4
上点	NA	NA	NA	NA	NA	NA	NA	1
高塔	NA	NA	NA	NA	NA	NA	NA	1
面包西红柿	NA	NA	NA	NA	NA	NA	NA	1
夏装	NA	NA	NA	NA	27	9542	8	1
桌面	1.875	NA	NA	NA	17	17559	47	34
音乐家	NA	NA	NA	NA	635	23284	162	1
商标牌	NA	NA	NA	NA	NA	NA	NA	1
写字台	NA	NA	NA	NA	45	11761	14	3
道路	1.88	4.643 	6.136 	1.813 	1863	27959	466	3
棒球服	NA	NA	NA	NA	NA	NA	NA	13
仙人球	NA	NA	NA	NA	18	7782	4	1
领导	1.793103	4.875 	5.727 	2.333 	2829	29773	611	1
屋子	1.515152	5.500 	6.318 	1.846 	4775	32047	1080	30
工作人员	NA	NA	NA	NA	NA	NA	NA	1
置物架	NA	NA	NA	NA	NA	NA	NA	1
球服	NA	NA	NA	NA	NA	NA	NA	1
女人们	NA	NA	NA	NA	NA	NA	NA	2
架子床	NA	NA	NA	NA	NA	NA	NA	1
机器	2.111111	5.692 	5.727 	2.000 	5094	32327	844	1
路牌	1.5	NA	NA	NA	98	15185	25	8
柜台	1.48	3.200 	5.864 	3.467 	706	23747	182	1
洗车场	NA	NA	NA	NA	NA	NA	NA	1
晚饭	1.826087	5.750 	6.545 	1.600 	4808	32076	1072	1
沐浴露	NA	NA	NA	NA	NA	NA	NA	1
麦皮	NA	NA	NA	NA	NA	NA	NA	1
纸杯	1.333333	NA	NA	NA	447	21761	48	2
帕茨基	NA	NA	NA	NA	NA	NA	NA	1
茶点	2	NA	NA	NA	69	13617	22	1
总线	NA	NA	NA	NA	27	9542	8	1
汽车尾部	NA	NA	NA	NA	NA	NA	NA	1
小路	NA	NA	NA	NA	495	22201	123	4
水果粥	NA	NA	NA	NA	NA	NA	NA	1
钟楼	1.448276	NA	NA	NA	149	1699	24	15
鲨鱼玩偶	NA	NA	NA	NA	NA	NA	NA	1
孩子们看到	NA	NA	NA	NA	NA	NA	NA	1
建筑	NA	5.200 	6.909 	2.818 	3199	30306	630	187
饮料	NA	NA	NA	NA	2808	29741	666	6
航班	1.923077	NA	NA	NA	2626	2945	365	6
打扫	NA	5.750 	6.500 	1.500 	2218	28716	522	1
沙发床	NA	NA	NA	NA	21	8451	7	6
车顶	NA	NA	NA	NA	218	18633	56	6
肥肉	NA	NA	NA	NA	221	18692	61	1
白人妇女	NA	NA	NA	NA	NA	NA	NA	1
办公室	NA	NA	NA	NA	17534	37695	2515	1
轨道	NA	4.154 	5.409 	3.100 	1163	25911	215	20
空缺	3.107143	NA	NA	NA	396	21239	112	1
院子	NA	3.833 	6.364 	1.571 	1133	25798	285	1
订书机	NA	NA	NA	NA	131	16435	29	6
连体服	NA	NA	NA	NA	NA	NA	NA	1
球台	NA	NA	NA	NA	36	10792	12	1
咖啡店	NA	NA	NA	NA	778	24166	169	2
开会	1.875	3.600 	6.091 	2.571 	1708	27582	449	1
碟	NA	NA	NA	NA	1172	25944	309	1
树木	NA	3.538 	6.000 	2.000 	391	21173	91	2
国防部大楼	NA	NA	NA	NA	NA	NA	NA	1
少男	NA	NA	NA	NA	42	11461	13	1
豪宅	NA	NA	NA	NA	NA	NA	NA	1
合服	NA	NA	NA	NA	NA	NA	NA	1
玻璃碗	NA	NA	NA	NA	NA	NA	NA	2
滑水者	NA	NA	NA	NA	NA	NA	NA	1
护士	NA	3.923 	5.409 	2.600 	4069	31351	692	18
钱包	1.24	NA	NA	NA	2972	29987	644	1
储物室	NA	NA	NA	NA	NA	NA	NA	1
建筑物	NA	NA	NA	NA	546	22625	139	56
骑	NA	NA	NA	NA	4242	31532	709	1
吉普车	NA	NA	NA	NA	218	18633	47	18
影子	2.212121	6.333 	5.727 	2.455 	1019	2534	256	1
头发	1.608696	4.933 	6.682 	1.083 	1179	35971	1995	4
龙猫	NA	NA	NA	NA	NA	NA	NA	1
头像	NA	NA	NA	NA	253	19294	73	1
照片点击	NA	NA	NA	NA	NA	NA	NA	1
厢式货车	NA	NA	NA	NA	NA	NA	NA	1
牛肉	1.137931	NA	NA	NA	1604	27308	342	3
童装	NA	NA	NA	NA	15	699	5	3
相机	1.275862	NA	NA	NA	1634	27388	322	2
墙壁	1.32	6.385 	6.318 	1.444 	704	23729	190	4
立交桥	NA	NA	NA	NA	42	11461	9	3
雕像	1.884615	NA	NA	NA	972	25132	168	10
烹饪	1.692308	NA	NA	NA	686	23617	155	1
越野滑雪选手	NA	NA	NA	NA	NA	NA	NA	1
病人	1.5	5.000 	6.409 	1.333 	10177	35333	983	6
甜品	2.038462	NA	NA	NA	298	2	84	35
凉棚	NA	NA	NA	NA	6	301	1	5
镜	NA	NA	NA	NA	2841	29791	504	2
驴	NA	NA	NA	NA	608	23096	142	2
繁殖	2.347826	3.400 	5.182 	3.929 	373	20969	92	1
网球选手	NA	NA	NA	NA	NA	NA	NA	9
冲浪	2.038462	NA	NA	NA	2581	29375	188	11
王球员	NA	NA	NA	NA	NA	NA	NA	2
早餐	1.586207	NA	NA	NA	3717	30959	841	28
冲浪运动员	NA	NA	NA	NA	NA	NA	NA	3
打电话	NA	NA	NA	NA	33652	40527	3821	1
打手	2.205882	NA	NA	NA	373	20969	94	1
洗手间	NA	NA	NA	NA	2847	298	639	1
商铺	NA	NA	NA	NA	3	1	9	1
双人床	NA	NA	NA	NA	66	13424	19	3
酒店床	NA	NA	NA	NA	NA	NA	NA	1
小熊	NA	NA	NA	NA	8	14314	21	7
雀	NA	NA	NA	NA	185	17924	32	2
回教少女	NA	NA	NA	NA	NA	NA	NA	1
玫瑰花	NA	NA	NA	NA	197	18195	54	2
烤熊饼	NA	NA	NA	NA	NA	NA	NA	1
孩童	1.678571	NA	NA	NA	23	18865	65	1
玻璃	1.258065	2.778 	6.273 	1.750 	3377	30542	708	5
等待	3.296296	4.214 	6.143 	2.417 	5685	32804	1322	1
大拇指	NA	NA	NA	NA	343	20607	93	1
门面	2.413793	NA	NA	NA	78	1415	24	1
秃鹫	NA	NA	NA	NA	92	14914	26	2
盆	NA	NA	NA	NA	629	23243	157	15
芝士	1.633333	NA	NA	NA	587	22945	121	7
的	NA	NA	NA	NA	5015513	6226	6243	1
樱花树	NA	NA	NA	NA	6	301	2	2
女热	NA	NA	NA	NA	NA	NA	NA	1
官员	1.875	NA	NA	NA	1291	26365	332	1
女生	NA	NA	NA	NA	5038	32279	776	35
夫妇	1.583333	NA	NA	NA	265	29489	529	1
气球	NA	3.273 	6.286 	2.167 	888	24742	186	5
布雷德	NA	NA	NA	NA	3	0	1	1
幼儿	1.742857	NA	NA	NA	69	13617	18	2
杯子蛋糕	NA	NA	NA	NA	NA	NA	NA	7
男人与狗	NA	NA	NA	NA	NA	NA	NA	1
蛋卷	1.434783	NA	NA	NA	402	21303	91	2
护栏	NA	NA	NA	NA	131	16435	32	4
村妇	NA	NA	NA	NA	NA	NA	NA	1
匕首	NA	NA	NA	NA	391	21173	82	3
屋頂	NA	NA	NA	NA	NA	NA	NA	1
帐逢	NA	NA	NA	NA	NA	NA	NA	1
村	NA	NA	NA	NA	1553	27168	251	1
冰淇淋车	NA	NA	NA	NA	NA	NA	NA	1
话	NA	NA	NA	NA	118939	4601	6048	3
奔驰	2.030303	5.833 	5.727 	3.182 	462	21903	95	1
菜刀	1.230769	NA	NA	NA	57	12788	16	3
巴士	1.357143	NA	NA	NA	1321	26464	206	64
西装领带	NA	NA	NA	NA	NA	NA	NA	5
旗子	NA	5.214 	5.091 	1.750 	331	20453	62	2
游玩	NA	NA	NA	NA	95	15051	31	2
車	NA	NA	NA	NA	NA	NA	NA	1
病房	NA	5.100 	3.864 	2.200 	972	25132	221	1
茶几	1.333333	NA	NA	NA	72	13802	19	13
女性	NA	3.786 	6.238 	2.875 	62	33181	1162	112
幼鸟	NA	NA	NA	NA	NA	NA	NA	1
臂	NA	NA	NA	NA	471	21987	119	1
滑翔器	NA	NA	NA	NA	NA	NA	NA	1
牛	NA	NA	NA	NA	5932	32989	921	489
运动员	NA	NA	NA	NA	2027	28325	432	444
博饼	NA	NA	NA	NA	NA	NA	NA	5
牛蹄子	NA	NA	NA	NA	NA	NA	NA	1
男孩女孩	NA	NA	NA	NA	NA	NA	NA	1
德瑞斯	NA	NA	NA	NA	NA	NA	NA	1
游客	NA	NA	NA	NA	701	23711	164	8
遗迹	2.4	NA	NA	NA	194	18129	40	1
街牌	NA	NA	NA	NA	NA	NA	NA	1
划艇队	NA	NA	NA	NA	NA	NA	NA	1
鸡蛋卷	NA	NA	NA	NA	NA	NA	NA	1
修车厂	NA	NA	NA	NA	NA	NA	NA	1
选手	1.68	NA	NA	NA	11125	35719	647	8
西装套装	NA	NA	NA	NA	NA	NA	NA	1
楼梯	1.384615	5.643 	4.632 	1.667 	248	29201	546	2
睡袍	NA	NA	NA	NA	182	17853	35	16
轮滑弯道	NA	NA	NA	NA	NA	NA	NA	1
奴人	NA	NA	NA	NA	NA	NA	NA	1
篮球运动员	NA	NA	NA	NA	NA	NA	NA	1
猎鹰	NA	NA	NA	NA	247	19191	30	1
船坞	1.8	NA	NA	NA	203	18325	44	3
红酒	NA	NA	NA	NA	NA	NA	NA	2
车棚	NA	NA	NA	NA	24	9031	8	2
红色礼服	NA	NA	NA	NA	NA	NA	NA	3
水果盘	NA	NA	NA	NA	NA	NA	NA	2
灯罩	NA	NA	NA	NA	51	12304	15	1
领口	NA	NA	NA	NA	54	12553	15	1
僧袍	NA	NA	NA	NA	NA	NA	NA	1
梳妆镜	NA	NA	NA	NA	NA	NA	NA	1
大巴	NA	NA	NA	NA	259	19395	48	13
帝王帐篷	NA	NA	NA	NA	NA	NA	NA	1
行人	1.870968	2.917 	5.591 	2.133 	197	18195	60	3
奶油刀	NA	NA	NA	NA	NA	NA	NA	1
凳子	1.304348	4.583 	5.600 	1.250 	414	2143	105	9
阳台	1.26087	NA	NA	NA	79	24232	176	1
电视遥控器	NA	NA	NA	NA	NA	NA	NA	1
宝宝	NA	NA	NA	NA	3965	31239	545	8
董事会	NA	NA	NA	NA	1222	26128	217	1
门口	NA	4.444 	6.045 	1.667 	2495	29227	677	1
烤盘	NA	NA	NA	NA	NA	NA	NA	5
沙拉	NA	NA	NA	NA	1413	26758	304	26
面包车	NA	NA	NA	NA	146	16902	25	42
女孩们	NA	NA	NA	NA	NA	NA	NA	3
木屋	1.290323	NA	NA	NA	587	22945	103	17
战斗机	NA	NA	NA	NA	441	21703	68	50
模型	NA	4.538 	5.750 	2.800 	1607	27316	327	2
临时搭建篷	NA	NA	NA	NA	NA	NA	NA	1
棉服	NA	NA	NA	NA	NA	NA	NA	1
地	NA	NA	NA	NA	53684	42555	4878	3
大鸟	NA	NA	NA	NA	NA	NA	NA	1
靠背	NA	NA	NA	NA	27	9542	9	5
运输船	NA	NA	NA	NA	21	8451	7	1
烤肉架	NA	NA	NA	NA	NA	NA	NA	3
转椅	NA	NA	NA	NA	15	699	5	1
裙	NA	NA	NA	NA	838	24487	175	9
河马	1.423077	NA	NA	NA	206	18388	40	1
皮卡车	NA	NA	NA	NA	NA	NA	NA	2
半工装	NA	NA	NA	NA	NA	NA	NA	1
商贩	NA	NA	NA	NA	24	9031	8	1
男人和小狗娃娃	NA	NA	NA	NA	NA	NA	NA	1
带伞的婴儿	NA	NA	NA	NA	NA	NA	NA	1
员工	1.5	NA	NA	NA	3365	30527	695	2
餐食	NA	NA	NA	NA	NA	NA	NA	2
热狗店	NA	NA	NA	NA	NA	NA	NA	1
女士们先生们	NA	NA	NA	NA	NA	NA	NA	1
马术拖车	NA	NA	NA	NA	NA	NA	NA	1
滑坡	NA	NA	NA	NA	3	1	9	1
双下巴	NA	NA	NA	NA	NA	NA	NA	1
狗子	NA	NA	NA	NA	3	0	1	1
包心菜	NA	NA	NA	NA	6	301	2	2
接球员	NA	NA	NA	NA	NA	NA	NA	3
玩水	NA	NA	NA	NA	NA	NA	NA	1
洗菜	NA	NA	NA	NA	NA	NA	NA	1
运动员孟菲尔斯	NA	NA	NA	NA	NA	NA	NA	1
叉	NA	NA	NA	NA	632	23263	154	2
收香蕉	NA	NA	NA	NA	NA	NA	NA	1
鸟的脚	NA	NA	NA	NA	NA	NA	NA	1
窗	NA	NA	NA	NA	1571	27218	411	2
家居服	NA	NA	NA	NA	3	0	1	1
椅子上的女婴	NA	NA	NA	NA	NA	NA	NA	1
击球手	NA	NA	NA	NA	NA	NA	NA	4
面子	NA	3.800 	5.636 	2.600 	888	24742	259	2
马尾巴	NA	NA	NA	NA	NA	NA	NA	2
棒球球员	NA	NA	NA	NA	NA	NA	NA	1
汤匙	1.423077	NA	NA	NA	137	16628	31	1
架子	2.217391	5.917 	6.773 	2.467 	85	24548	217	3
橡皮艇	NA	NA	NA	NA	39	11139	10	4
冲浪者	NA	NA	NA	NA	NA	NA	NA	27
水面	NA	NA	NA	NA	56	22742	149	2
少女	1.878788	2.846 	5.818 	1.308 	1407	26739	308	2
垫子	NA	NA	NA	NA	45	2179	121	4
砖	NA	NA	NA	NA	575	22856	111	3
花苞	NA	NA	NA	NA	3	0	1	1
比基尼	NA	NA	NA	NA	557	22718	147	7
乒乓球桌	NA	NA	NA	NA	NA	NA	NA	12
杯	NA	NA	NA	NA	22479	38774	3094	8
孕妇	1.428571	NA	NA	NA	534	22529	124	5
痛苦	NA	4.800 	6.591 	3.071 	10874	35621	2074	1
灶台	1.583333	NA	NA	NA	15	699	5	2
狗雕塑	NA	NA	NA	NA	NA	NA	NA	1
杂技	2.538462	NA	NA	NA	241	19085	59	1
公车	NA	NA	NA	NA	1332	26503	255	9
通道	NA	3.444 	5.409 	2.182 	1854	27938	383	2
床	NA	NA	NA	NA	19391	38132	2771	460
人偶	NA	NA	NA	NA	NA	NA	NA	1
座位	1.538462	5.556 	5.524 	1.333 	265	29489	578	11
轮船	1.36	5.417 	6.773 	1.385 	143	16812	38	3
衬衫	1.357143	6.000 	6.429 	2.800 	2528	29284	559	123
食物	1.956522	4.417 	6.409 	1.214 	7634	34084	1460	381
短袖	NA	NA	NA	NA	66	13424	19	28
滑板公园	NA	NA	NA	NA	NA	NA	NA	2
外套	NA	NA	NA	NA	2579	2937	567	65
安全装	NA	NA	NA	NA	NA	NA	NA	1
笔记本电	NA	NA	NA	NA	NA	NA	NA	1
小桌	NA	NA	NA	NA	NA	NA	NA	1
溜冰	1.75	NA	NA	NA	483	22095	76	11
乳蛋饼	NA	NA	NA	NA	NA	NA	NA	2
刀具	NA	NA	NA	NA	89	14771	23	3
素食披萨	NA	NA	NA	NA	NA	NA	NA	1
啤酒罐	NA	NA	NA	NA	NA	NA	NA	1
走道	NA	NA	NA	NA	197	18195	55	1
电脑	1.096774	NA	NA	NA	9569	35065	1205	34
水桶	1.166667	NA	NA	NA	134	16532	28	8
鸭子	NA	5.333 	6.318 	1.929 	1324	26474	203	5
菊花	1.2	4.167 	6.136 	3.400 	173	17634	41	9
凉亭	1.676471	NA	NA	NA	54	12553	10	2
毕业服	NA	NA	NA	NA	NA	NA	NA	1
篮球员	NA	NA	NA	NA	NA	NA	NA	2
湖	NA	NA	NA	NA	2462	2917	385	4
餐巾	NA	NA	NA	NA	283	19777	71	1
金属	1.807692	5.769 	5.318 	2.200 	2629	29455	519	1
男人和女人	NA	NA	NA	NA	NA	NA	NA	2
菜肴	NA	NA	NA	NA	51	12304	14	7
圈子	3.457143	3.000 	6.000 	3.412 	954	25051	257	1
移动餐厅	NA	NA	NA	NA	NA	NA	NA	1
花盆	1.481481	NA	NA	NA	78	1415	23	2
螺旋桨飞机	NA	NA	NA	NA	NA	NA	NA	1
外衣	1.657143	2.929 	5.591 	2.813 	465	21931	132	11
养	NA	NA	NA	NA	3	0	1	1
小鸟	NA	NA	NA	NA	939	24983	207	9
鸡扒	NA	NA	NA	NA	NA	NA	NA	2
情侣	1.466667	NA	NA	NA	873	24669	213	4
轿车	1.347826	5.833 	6.429 	1.214 	1294	26375	296	87
奶牛	NA	NA	NA	NA	465	21931	89	85
女婴	NA	NA	NA	NA	51	12304	14	2
停车房	NA	NA	NA	NA	NA	NA	NA	1
快餐店	NA	NA	NA	NA	188	17993	58	1
烩面	NA	NA	NA	NA	NA	NA	NA	1
城墙	1.148148	NA	NA	NA	262	19445	43	5
宝宝车	NA	NA	NA	NA	NA	NA	NA	1
网	NA	NA	NA	NA	3	0	1	1
吃	NA	NA	NA	NA	6	301	2	3
鸡蛋	1.038462	NA	NA	NA	2143	28567	424	15
浴袍	NA	NA	NA	NA	NA	NA	NA	44
视频游戏控制器	NA	NA	NA	NA	NA	NA	NA	1
坐椅	1.391304	NA	NA	NA	9	4771	3	1
孔雀	1.208333	4.692 	4.211 	1.615 	194	18129	36	18
女网运动员	NA	NA	NA	NA	NA	NA	NA	2
打伞的女人	NA	NA	NA	NA	NA	NA	NA	1
伙计	2.296296	6.000 	4.818 	2.875 	44902	41779	3387	1
睡觉	1.25	6.333 	6.409 	1.364 	11921	3602	2233	1
菜	NA	NA	NA	NA	5852	32929	1114	50
接球手	NA	NA	NA	NA	NA	NA	NA	6
篷子	NA	NA	NA	NA	NA	NA	NA	2
塔楼	1.884615	NA	NA	NA	149	1699	24	6
斗牛士	NA	NA	NA	NA	NA	NA	NA	1
土司	NA	NA	NA	NA	203	18325	46	6
土地	1.434783	3.385 	6.227 	2.200 	3342	30496	480	1
光头	1.269231	NA	NA	NA	447	21761	102	1
花卉	1.689655	NA	NA	NA	66	13424	14	2
餐盒	NA	NA	NA	NA	24	9031	8	1
出租车	NA	NA	NA	NA	4537	31824	531	24
绳子	NA	3.357 	6.091 	2.071 	237	29004	407	1
婴儿车	NA	NA	NA	NA	182	17853	39	12
热狗	1.807692	NA	NA	NA	1693	27543	285	32
背包男	NA	NA	NA	NA	NA	NA	NA	1
拖拉机挂车	NA	NA	NA	NA	NA	NA	NA	1
运动服	NA	NA	NA	NA	167	17482	36	8
救援车	NA	NA	NA	NA	NA	NA	NA	2
卓	NA	NA	NA	NA	244	19138	29	1
大腿	1.277778	NA	NA	NA	867	24639	241	1
短衫	NA	NA	NA	NA	NA	NA	NA	1
篮球球员	NA	NA	NA	NA	NA	NA	NA	1
车轮	NA	NA	NA	NA	34	20569	94	1
网球运动员	NA	NA	NA	NA	NA	NA	NA	29
报考志愿	NA	NA	NA	NA	NA	NA	NA	1
馅饼	1.409091	NA	NA	NA	1893	28028	275	10
床垫	1.2	NA	NA	NA	423	21523	101	4
电灯	1.375	5.000 	6.182 	1.688 	125	16232	40	1
没家的人	NA	NA	NA	NA	NA	NA	NA	1
生日女	NA	NA	NA	NA	NA	NA	NA	1
大众车	NA	NA	NA	NA	NA	NA	NA	1
棍子	NA	5.417 	5.136 	2.571 	802	24298	187	1
嘟嘟车	NA	NA	NA	NA	NA	NA	NA	1
牙刷	1.16129	3.000 	6.545 	2.000 	501	22253	135	1
床边	NA	NA	NA	NA	NA	NA	NA	1
汽车罩	NA	NA	NA	NA	NA	NA	NA	2
机翼	NA	NA	NA	NA	134	16532	25	1
打击手	NA	NA	NA	NA	NA	NA	NA	1
海滩	1.387097	NA	NA	NA	3306	30449	637	9
棒球上衣	NA	NA	NA	NA	NA	NA	NA	2
圣诞	1.958333	NA	NA	NA	6179	33166	521	1
狼	NA	NA	NA	NA	3583	30799	452	1
地铁	1.076923	NA	NA	NA	1863	27959	279	2
饼边	NA	NA	NA	NA	NA	NA	NA	1
橡皮船	NA	NA	NA	NA	12	6021	2	3
骑马	NA	NA	NA	NA	984	25185	173	1
比萨饼边	NA	NA	NA	NA	NA	NA	NA	1
浴室水龙头	NA	NA	NA	NA	NA	NA	NA	1
椅子	1.230769	6.500 	5.545 	2.000 	3529	30734	762	50
公园的长椅上	NA	NA	NA	NA	NA	NA	NA	3
薄饼	1.470588	NA	NA	NA	668	23502	119	10
军刀	NA	NA	NA	NA	6	1301	12	2
武器	2	5.357 	5.810 	3.000 	10892	35628	1476	1
非洲商人	NA	NA	NA	NA	NA	NA	NA	1
名牌	2	NA	NA	NA	462	21903	127	1
表演人	NA	NA	NA	NA	NA	NA	NA	1
门脸	NA	NA	NA	NA	6	301	2	3
行人道	NA	NA	NA	NA	NA	NA	NA	1
高架桥	NA	NA	NA	NA	24	9031	6	3
火腿	1.076923	NA	NA	NA	787	24216	180	1
巨嘴鸟风筝	NA	NA	NA	NA	NA	NA	NA	1
办公设备	NA	NA	NA	NA	NA	NA	NA	1
意大利粉	NA	NA	NA	NA	NA	NA	NA	2
人群	NA	6.000 	5.636 	3.067 	1854	27938	477	10
遥控器	NA	NA	NA	NA	563	22765	131	2
猫窝	NA	NA	NA	NA	NA	NA	NA	3
外墙	NA	NA	NA	NA	NA	NA	NA	1
背心裙	NA	NA	NA	NA	NA	NA	NA	1
薯条	1.225806	NA	NA	NA	1082	25599	261	3
足球运动员	NA	NA	NA	NA	NA	NA	NA	14
狗	NA	NA	NA	NA	35199	40722	2627	527
手机座	NA	NA	NA	NA	NA	NA	NA	1
上层	NA	2.231 	5.318 	2.692 	385	21106	111	1
餐具	NA	NA	NA	NA	37	20934	100	12
饼馅	NA	NA	NA	NA	NA	NA	NA	1
烧毁的巴士	NA	NA	NA	NA	NA	NA	NA	1
吃饭	1.833333	NA	NA	NA	6364	33294	1459	3
狗娃娃	NA	NA	NA	NA	NA	NA	NA	1
玩具	1.466667	4.000 	5.714 	2.200 	3804	31059	705	51
餐盘	NA	NA	NA	NA	63	13222	21	1
熊仔饼	NA	NA	NA	NA	NA	NA	NA	1
滑雪选手	NA	NA	NA	NA	NA	NA	NA	1
自拍照	NA	NA	NA	NA	NA	NA	NA	1
高丽菜	NA	NA	NA	NA	NA	NA	NA	2
糖霜	NA	NA	NA	NA	125	16232	31	4
茶水	NA	NA	NA	NA	45	11761	12	1
旗帜	1.705882	5.538 	6.227 	3.000 	593	22989	94	1
蒲公英花	NA	NA	NA	NA	NA	NA	NA	1
浸信会	NA	NA	NA	NA	NA	NA	NA	1
鸟	NA	NA	NA	NA	9	4771	1	387
陶制品	NA	NA	NA	NA	NA	NA	NA	1
斜坡	1.782609	NA	NA	NA	227	18808	51	2
工作	2.366667	3.500 	6.045 	2.636 	89997	44799	5295	1
马	NA	NA	NA	NA	3	0	1	18
蛋糕胚	NA	NA	NA	NA	NA	NA	NA	1
人行横道	NA	NA	NA	NA	33	10414	10	1
蹲下	NA	NA	NA	NA	NA	NA	NA	1
教堂	1.52	5.231 	5.333 	2.143 	6487	33377	917	42
梨	NA	NA	NA	NA	498	22227	77	1
雕象	NA	NA	NA	NA	NA	NA	NA	1
结	NA	NA	NA	NA	485	32114	1069	1
引擎	2.034483	NA	NA	NA	2036	28344	302	4
垃圾桶	NA	NA	NA	NA	745	23979	207	7
牛油刀	NA	NA	NA	NA	NA	NA	NA	3
保险柜	NA	NA	NA	NA	534	22529	104	1
鼠标键盘	NA	NA	NA	NA	NA	NA	NA	1
合照	2.086957	NA	NA	NA	3	0	1	2
高领衫	NA	NA	NA	NA	NA	NA	NA	1
放风筝的女孩	NA	NA	NA	NA	NA	NA	NA	1
烤香蕉	NA	NA	NA	NA	NA	NA	NA	1
袍子	1.914286	NA	NA	NA	224	18751	46	4
越南粉	NA	NA	NA	NA	NA	NA	NA	1
四轮车	NA	NA	NA	NA	NA	NA	NA	1
饮品	NA	NA	NA	NA	95	15051	31	1
琴	NA	NA	NA	NA	936	24969	129	1
母牛	NA	NA	NA	NA	NA	NA	NA	2
单板滑雪者	NA	NA	NA	NA	NA	NA	NA	1
书桌	NA	NA	NA	NA	233	18921	60	56
雪撬棒	NA	NA	NA	NA	NA	NA	NA	1
服饰	1.75	NA	NA	NA	435	21644	96	1
越野车	NA	NA	NA	NA	137	16628	28	9
轮椅	NA	NA	NA	NA	113	25786	201	2
和服	1.692308	NA	NA	NA	206	18388	26	24
冲浪选手	NA	NA	NA	NA	NA	NA	NA	3
母婴	2	NA	NA	NA	3	0	1	1
休闲车	NA	NA	NA	NA	NA	NA	NA	1
帽衫	NA	NA	NA	NA	NA	NA	NA	2
庄园	1.962963	NA	NA	NA	647	23365	91	1
沙发	1.4	3.917 	6.000 	1.615 	2707	29581	604	256
便当	1.958333	NA	NA	NA	2	18261	20	1
炙烤	NA	NA	NA	NA	NA	NA	NA	5
浮板	NA	NA	NA	NA	NA	NA	NA	1
校巴	NA	NA	NA	NA	NA	NA	NA	2
运输卡车	NA	NA	NA	NA	NA	NA	NA	1
鼠	NA	NA	NA	NA	1651	27435	302	6
手按在小孩子的头上	NA	NA	NA	NA	NA	NA	NA	1
车窗	1.37931	NA	NA	NA	48	22068	129	1
标志物	NA	NA	NA	NA	NA	NA	NA	1
骑自行车的人	NA	NA	NA	NA	NA	NA	NA	1
伞桶	NA	NA	NA	NA	NA	NA	NA	2
夹克	NA	NA	NA	NA	1654	27443	329	47
布丁	1.828571	NA	NA	NA	778	24166	147	3
儿童车	NA	NA	NA	NA	NA	NA	NA	1
河	NA	NA	NA	NA	3383	3055	565	7
偷窥	2.375	NA	NA	NA	566	22788	154	1
电杆	NA	NA	NA	NA	6	301	2	1
引擎盖	NA	NA	NA	NA	104	15441	29	26
运动衣	NA	NA	NA	NA	27	9542	8	5
石桥	NA	NA	NA	NA	36	10792	2	1
眼罩	1.692308	NA	NA	NA	274	19638	64	17
池缸	NA	NA	NA	NA	NA	NA	NA	2
天鹅	1.472222	NA	NA	NA	289	19868	59	13
坐在桌子上的女孩	NA	NA	NA	NA	NA	NA	NA	1
火炉	NA	NA	NA	NA	206	18388	55	2
烧烤盘	NA	NA	NA	NA	NA	NA	NA	3
老头	NA	NA	NA	NA	1905	28055	398	1
饰品容器	NA	NA	NA	NA	NA	NA	NA	1
短袖衬衣	NA	NA	NA	NA	NA	NA	NA	2
生病的女人	NA	NA	NA	NA	NA	NA	NA	1
着色	2.875	NA	NA	NA	57	12788	16	1
黄色出租车	NA	NA	NA	NA	NA	NA	NA	1
键盘和鼠标	NA	NA	NA	NA	NA	NA	NA	1
池塘	1.416667	5.846 	5.409 	3.333 	42	21492	98	1
中年黑人	NA	NA	NA	NA	NA	NA	NA	1
太空人	NA	NA	NA	NA	179	17782	25	1
勋章	2	NA	NA	NA	894	24771	162	1
布	NA	NA	NA	NA	3	0	1	6
宠物鼠	NA	NA	NA	NA	NA	NA	NA	1
鞋子	1.266667	NA	NA	NA	3526	3073	688	3
盘子	1.290323	5.000 	6.273 	1.357 	1595	27284	364	46
仿牛展	NA	NA	NA	NA	NA	NA	NA	1
棒球帽	NA	NA	NA	NA	NA	NA	NA	1
蛋糕杯	NA	NA	NA	NA	NA	NA	NA	3
帐篷里的猫	NA	NA	NA	NA	NA	NA	NA	1
海盗	1.461538	NA	NA	NA	2805	29736	197	1
背行	NA	NA	NA	NA	NA	NA	NA	1
烧烤炉	NA	NA	NA	NA	NA	NA	NA	11
铁路过桥	NA	NA	NA	NA	NA	NA	NA	1
推车	NA	NA	NA	NA	NA	NA	NA	6
帐篷	NA	NA	NA	NA	1163	25911	210	281
美女	NA	NA	NA	NA	4141	31427	932	1
汉堡面包	NA	NA	NA	NA	NA	NA	NA	5
鹮	NA	NA	NA	NA	NA	NA	NA	1
浴衣	1.565217	NA	NA	NA	107	15563	24	16
棒球手套	NA	NA	NA	NA	NA	NA	NA	3
火车桥	NA	NA	NA	NA	NA	NA	NA	1
爬梯	NA	NA	NA	NA	NA	NA	NA	1
椅背	1.884615	NA	NA	NA	39	11139	9	2
正装	NA	NA	NA	NA	NA	NA	NA	2
键盘	1.130435	NA	NA	NA	393	21206	93	6
花色衣服	NA	NA	NA	NA	NA	NA	NA	1
光	NA	NA	NA	NA	11265	35774	2227	2
奶猫	NA	NA	NA	NA	NA	NA	NA	1
运动人	NA	NA	NA	NA	NA	NA	NA	1
弃船	NA	NA	NA	NA	NA	NA	NA	1
蓝色夹克	NA	NA	NA	NA	NA	NA	NA	1
通心粉	NA	NA	NA	NA	334	20492	68	15
本田旅行车	NA	NA	NA	NA	NA	NA	NA	1
烧烤架	NA	NA	NA	NA	NA	NA	NA	14
滑板坡	NA	NA	NA	NA	NA	NA	NA	1
门牌号码	NA	NA	NA	NA	NA	NA	NA	1
点心	2.173913	3.833 	6.364 	2.000 	116	25899	281	4
杯子	1.314286	3.909 	5.955 	2.417 	1613	27332	391	44
打字	1.444444	NA	NA	NA	218	18633	59	1
蝴蝶	1.125	5.250 	5.905 	1.643 	1172	25944	179	1
牡丹	1.482759	NA	NA	NA	57	12788	15	1
提防	NA	NA	NA	NA	286	19823	85	1
支架	1.833333	NA	NA	NA	233	18921	62	1
轮滑者	NA	NA	NA	NA	NA	NA	NA	1
车	NA	NA	NA	NA	9	4771	2	946
盖	NA	NA	NA	NA	6	301	1	1
棉羊	NA	NA	NA	NA	NA	NA	NA	3
海鸟	NA	NA	NA	NA	36	10792	10	4
废车	NA	NA	NA	NA	NA	NA	NA	1
球员	1.73913	NA	NA	NA	1705	27574	218	56
图尔克	NA	NA	NA	NA	NA	NA	NA	7
乳羊	NA	NA	NA	NA	NA	NA	NA	1
鱼	NA	NA	NA	NA	7548	34035	1018	1
毛绒玩具	NA	NA	NA	NA	NA	NA	NA	3
针织衫	NA	NA	NA	NA	NA	NA	NA	2
旺	NA	NA	NA	NA	307	20128	65	1
港口	1.434783	5.462 	5.667 	3.273 	885	24728	189	4
铁碗	NA	NA	NA	NA	NA	NA	NA	1
桥面	NA	NA	NA	NA	12	6021	4	2
汽车座椅	NA	NA	NA	NA	NA	NA	NA	1
大象	NA	NA	NA	NA	124	26191	185	2
袜子	1.2	6.100 	6.273 	3.000 	1565	27202	342	1
背心	1.916667	5.462 	4.727 	2.667 	411	21399	103	19
苹果配件	NA	NA	NA	NA	NA	NA	NA	1
证书	1.346154	NA	NA	NA	492	22175	139	1
女网选手	NA	NA	NA	NA	NA	NA	NA	1
乐师	NA	NA	NA	NA	69	13617	16	1
短袖衫	NA	NA	NA	NA	NA	NA	NA	2
运动天	NA	NA	NA	NA	NA	NA	NA	1
中巴车	NA	NA	NA	NA	NA	NA	NA	1
披萨料	NA	NA	NA	NA	NA	NA	NA	1
棒球接球手	NA	NA	NA	NA	NA	NA	NA	2
橄榄球衣	NA	NA	NA	NA	NA	NA	NA	1
喷射	NA	NA	NA	NA	322	20334	58	12
叉车	NA	NA	NA	NA	36	10792	10	1
驼鹿	NA	NA	NA	NA	14	16721	24	4
鼠标垫	NA	NA	NA	NA	NA	NA	NA	5
艇	NA	NA	NA	NA	241	19085	36	1
水龙头	NA	NA	NA	NA	218	18633	58	11
船边	NA	NA	NA	NA	NA	NA	NA	1
滑浪板	NA	NA	NA	NA	NA	NA	NA	1
露营车	NA	NA	NA	NA	NA	NA	NA	2
粉红裙子	NA	NA	NA	NA	NA	NA	NA	1
牛仔帽	NA	NA	NA	NA	NA	NA	NA	1
桌子	1.296296	5.923 	6.524 	1.833 	4892	32151	1129	594
勺子	NA	4.923 	5.818 	1.643 	456	21847	109	11
管道	1.611111	3.385 	4.636 	2.667 	1127	25775	240	1
浴池	NA	NA	NA	NA	122	16128	31	10
面包圈	NA	NA	NA	NA	NA	NA	NA	7
一碗水果	NA	NA	NA	NA	NA	NA	NA	1
白布	NA	NA	NA	NA	15	699	5	1
码头	1.580645	5.300 	5.318 	2.909 	2116	28513	378	18
摊位	1.826087	NA	NA	NA	8	14314	16	4
羊毛	1.608696	NA	NA	NA	221	18692	53	1
健身球	NA	NA	NA	NA	3	0	1	1
木板	NA	NA	NA	NA	441	21703	82	2
唱歌	1.730769	NA	NA	NA	4743	32017	727	1
木舟	NA	NA	NA	NA	6	301	1	1
书台	NA	NA	NA	NA	NA	NA	NA	3
法庭	NA	NA	NA	NA	6922	33659	893	2
肩膀	1.26087	6.308 	5.909 	2.667 	2045	28363	511	1
摩托女孩	NA	NA	NA	NA	NA	NA	NA	1
人头	NA	NA	NA	NA	423	21523	114	4
衣服	1.551724	4.250 	6.364 	1.857 	24235	39101	3326	692
滚轮椅	NA	NA	NA	NA	NA	NA	NA	1
手提箱	NA	NA	NA	NA	432	21614	103	1
课桌	NA	NA	NA	NA	39	11139	11	1
麋鹿	1.333333	NA	NA	NA	137	16628	34	1
开幕	NA	3.700 	4.952 	2.462 	218	18633	58	1
包	NA	NA	NA	NA	11173	35738	1957	26
滑滑板	NA	NA	NA	NA	NA	NA	NA	1
平台	NA	NA	NA	NA	611	23118	125	2
美术家	NA	NA	NA	NA	6	301	2	1
吹风机	NA	NA	NA	NA	137	16628	34	1
帐	NA	NA	NA	NA	6036	33064	1141	3
运动上衣	NA	NA	NA	NA	NA	NA	NA	1
瓶	NA	NA	NA	NA	5929	32986	1225	2
楼宇	NA	NA	NA	NA	3	0	1	2
游行	NA	5.071 	5.864 	3.500 	1544	27143	254	2
围裙	NA	NA	NA	NA	274	19638	68	12
猫粮	NA	NA	NA	NA	NA	NA	NA	8
汗衫	NA	NA	NA	NA	146	16902	45	10
滑板选手	NA	NA	NA	NA	NA	NA	NA	2
公仔	NA	NA	NA	NA	NA	NA	NA	1
步行道	NA	NA	NA	NA	NA	NA	NA	1
包子	NA	5.571 	6.143 	1.857 	78	1415	8	11
莴苣	NA	NA	NA	NA	14	16721	33	2
民间	NA	6.846 	4.864 	3.200 	307	20128	70	1
儿童桌	NA	NA	NA	NA	NA	NA	NA	1
倒后镜	NA	NA	NA	NA	NA	NA	NA	1
便利店	NA	NA	NA	NA	NA	NA	NA	1
家人	1.653846	NA	NA	NA	8585	34594	1694	1
尾灯	1.777778	NA	NA	NA	149	1699	33	1
女球员	NA	NA	NA	NA	NA	NA	NA	1
画像	NA	NA	NA	NA	563	22765	124	1
毕业礼服	NA	NA	NA	NA	NA	NA	NA	1
双板	NA	NA	NA	NA	NA	NA	NA	2
苹果刀	NA	NA	NA	NA	NA	NA	NA	1
兰花	1.12	NA	NA	NA	408	21367	60	2
公交	NA	NA	NA	NA	593	22989	129	6
市政厅	NA	NA	NA	NA	423	21523	92	1
男孩儿	NA	NA	NA	NA	NA	NA	NA	5
吉普	NA	NA	NA	NA	638	23304	108	2
睡衣	1.416667	NA	NA	NA	1049	25465	234	25
发夹	NA	NA	NA	NA	158	17243	32	1
塔可	NA	NA	NA	NA	NA	NA	NA	1
夹克背心	NA	NA	NA	NA	NA	NA	NA	1
舞台	1.84	5.000 	6.045 	1.500 	5697	32813	575	2
玫瑰	1.25	NA	NA	NA	1753	27694	332	7
蝴蝶结	NA	NA	NA	NA	152	17076	42	21
铁	NA	NA	NA	NA	24	9031	1	2
小吃	NA	NA	NA	NA	286	19823	82	1
衣衫	NA	NA	NA	NA	78	1415	24	1
床铺	NA	6.333 	5.136 	1.857 	152	17076	39	3
鲨鱼	1.285714	NA	NA	NA	1857	27945	206	7
踢球的足球运动员	NA	NA	NA	NA	NA	NA	NA	1
樱花	1.137931	NA	NA	NA	143	16812	27	2
旋螺桨	NA	NA	NA	NA	NA	NA	NA	1
领结	NA	NA	NA	NA	209	18451	56	30
床上桌	NA	NA	NA	NA	NA	NA	NA	2
网球球员	NA	NA	NA	NA	NA	NA	NA	1
西兰花	NA	NA	NA	NA	NA	NA	NA	1
下巴	NA	NA	NA	NA	1169	25933	292	3
芥兰炒牛肉	NA	NA	NA	NA	NA	NA	NA	1
午餐	NA	NA	NA	NA	423	3152	901	3
印度牛	NA	NA	NA	NA	NA	NA	NA	1
皮筏	NA	NA	NA	NA	15	699	2	3
帽子	1.233333	3.455 	6.364 	1.533 	4629	31912	826	20
浴帘	NA	NA	NA	NA	NA	NA	NA	1
门牌号	NA	NA	NA	NA	45	11761	12	2
男孩们	NA	NA	NA	NA	NA	NA	NA	2
雪糕	1.115385	NA	NA	NA	176	17709	41	2
麦芬	NA	NA	NA	NA	NA	NA	NA	1
烤面包片	NA	NA	NA	NA	NA	NA	NA	1
红色货车	NA	NA	NA	NA	NA	NA	NA	1
大巴车	NA	NA	NA	NA	NA	NA	NA	2
石头	1.24	3.100 	6.455 	1.462 	4188	31477	732	8
滑浪选手	NA	NA	NA	NA	NA	NA	NA	1
锚	NA	NA	NA	NA	238	19031	49	1
饼干	1.413793	5.083 	6.364 	1.538 	3172	30269	590	41
运动员的腿	NA	NA	NA	NA	NA	NA	NA	1
音乐播放器	NA	NA	NA	NA	NA	NA	NA	1
半个人	NA	NA	NA	NA	NA	NA	NA	1
棒球员	NA	NA	NA	NA	NA	NA	NA	17
台面	NA	NA	NA	NA	143	16812	39	4
过滤水壶	NA	NA	NA	NA	NA	NA	NA	1
汤	NA	NA	NA	NA	6	301	1	7
木栅栏	NA	NA	NA	NA	NA	NA	NA	1
水瓶	NA	NA	NA	NA	NA	NA	NA	3
纸	NA	NA	NA	NA	4245	31535	937	3
加热器	NA	NA	NA	NA	63	13222	19	2
指示牌	NA	NA	NA	NA	NA	NA	NA	4
炸鸡三文治	NA	NA	NA	NA	NA	NA	NA	1
容器	2	5.615 	5.818 	2.909 	844	24518	122	5
酒醉	NA	NA	NA	NA	NA	NA	NA	2
栅栏	1.583333	NA	NA	NA	56	22742	138	14
跳台滑雪	NA	NA	NA	NA	NA	NA	NA	1
寺庙	1.230769	NA	NA	NA	23	18865	51	5
庞克夹克	NA	NA	NA	NA	NA	NA	NA	1
塑胶桶	NA	NA	NA	NA	NA	NA	NA	1
糕点	1.384615	NA	NA	NA	262	19445	54	14
比赛	2.25	4.778 	6.045 	2.091 	31974	40304	1785	1
奖状	NA	NA	NA	NA	45	11761	12	1
背影	1.692308	NA	NA	NA	83	14472	26	17
肉丸子	NA	NA	NA	NA	NA	NA	NA	1
琐事	NA	NA	NA	NA	298	2	91	1
屋	NA	NA	NA	NA	4176	31464	792	8
短袖衬衫	NA	NA	NA	NA	NA	NA	NA	1
涂鸦	2.807692	NA	NA	NA	435	21644	103	1
酸奶	NA	NA	NA	NA	635	23284	116	1
成人	1.655172	NA	NA	NA	1496	27007	362	1
百吉饼	NA	NA	NA	NA	NA	NA	NA	7
父亲	1.333333	4.111 	7.000 	1.182 	36961	40934	3099	4
摩特车	NA	NA	NA	NA	NA	NA	NA	1
人类	NA	5.833 	5.727 	1.909 	11497	35862	1372	10
桶	NA	NA	NA	NA	1669	27482	380	46
便装	NA	NA	NA	NA	69	13617	21	1
图书	1.625	NA	NA	NA	322	20334	82	1
正脸	NA	NA	NA	NA	NA	NA	NA	1
隧道	1.454545	6.188 	6.182 	2.600 	152	27076	247	6
玩	NA	NA	NA	NA	38851	4115	4171	1
后车尾	NA	NA	NA	NA	NA	NA	NA	1
母亲	1.304348	6.222 	6.762 	1.417 	18467	3792	2364	4
男子	NA	5.000 	6.045 	2.000 	1747	27679	415	11
希腊风味披萨	NA	NA	NA	NA	NA	NA	NA	1
萝卜蛋糕	NA	NA	NA	NA	NA	NA	NA	1
带狗的女人	NA	NA	NA	NA	NA	NA	NA	1
工作台	NA	NA	NA	NA	83	14472	23	1
聚餐	NA	NA	NA	NA	256	19345	68	2
蔬菜	1.84	5.867 	5.316 	1.563 	1037	25416	240	80
卤素灯	NA	NA	NA	NA	NA	NA	NA	1
飞盘玩家	NA	NA	NA	NA	NA	NA	NA	1
布料	1.774194	NA	NA	NA	265	19494	63	1
家具	1.769231	6.200 	4.368 	1.769 	1279	26325	303	3
仓鼠	1.346154	NA	NA	NA	137	16628	29	2
喇嘛	1.75	NA	NA	NA	48	12041	13	2
符号	2.375	6.700 	5.864 	2.067 	99	25211	149	1
套头衫	NA	NA	NA	NA	33	10414	11	2
肉馅	NA	NA	NA	NA	128	16335	35	1
芝士香辣大饼	NA	NA	NA	NA	NA	NA	NA	1
沙拉菜	NA	NA	NA	NA	NA	NA	NA	1
帆	NA	NA	NA	NA	325	20374	52	5
脚	NA	NA	NA	NA	11435	35839	2058	4
坐着	NA	NA	NA	NA	NA	NA	NA	1
蔬菜叶子	NA	NA	NA	NA	NA	NA	NA	1
旅馆	1.5	4.714 	5.905 	2.400 	5133	3236	842	1
滑翔伞	NA	NA	NA	NA	39	11139	10	8
仓库	1.434783	4.500 	5.429 	2.100 	2119	28519	360	3
烤炉	NA	NA	NA	NA	182	17853	53	23
男性后背	NA	NA	NA	NA	NA	NA	NA	1
动物园馆屋顶	NA	NA	NA	NA	NA	NA	NA	1
披萨	NA	NA	NA	NA	551	22672	116	341
厢式轿车	NA	NA	NA	NA	NA	NA	NA	1
夹心	2.84	NA	NA	NA	191	18062	38	2
座椅	NA	NA	NA	NA	265	19494	73	12
路灯	NA	NA	NA	NA	14	16721	40	5
餐厅	1.277778	6.615 	6.136 	1.692 	4149	31436	797	52
老鹰	NA	NA	NA	NA	748	23997	84	9
小车	NA	NA	NA	NA	23	18865	62	3
望远镜	NA	NA	NA	NA	608	23096	119	1
澡盆	NA	NA	NA	NA	72	13802	19	2
沙滩椅	NA	NA	NA	NA	NA	NA	NA	1
婚礼服	NA	NA	NA	NA	NA	NA	NA	1
木桥	NA	NA	NA	NA	6	301	2	6
帆板	NA	NA	NA	NA	83	14472	7	2
照片	1.444444	3.929 	5.818 	1.786 	25895	39389	2474	2
杯蛋糕	NA	NA	NA	NA	NA	NA	NA	3
面条	1.266667	NA	NA	NA	879	24698	170	9
粥	NA	NA	NA	NA	423	21523	105	2
运输车	NA	NA	NA	NA	8	14314	21	1
投手	2.8	NA	NA	NA	605	23075	82	17
娃娃	NA	5.462 	6.227 	3.000 	2656	29499	422	6
警车	NA	NA	NA	NA	674	23541	175	12
玩具牛	NA	NA	NA	NA	NA	NA	NA	1
鹦鹉玩具	NA	NA	NA	NA	NA	NA	NA	2
超市	1.514286	NA	NA	NA	1312	26435	276	2
电车	NA	NA	NA	NA	489	22148	49	3
車頭	NA	NA	NA	NA	NA	NA	NA	1
火警车	NA	NA	NA	NA	NA	NA	NA	1
开张	3.111111	NA	NA	NA	632	23263	169	1
小便斗	NA	NA	NA	NA	NA	NA	NA	1
厨台	NA	NA	NA	NA	NA	NA	NA	1
打鸡蛋	NA	NA	NA	NA	NA	NA	NA	1
领带	1.346154	NA	NA	NA	1523	27084	324	27
冰激凌车	NA	NA	NA	NA	NA	NA	NA	1
摩托车手	NA	NA	NA	NA	NA	NA	NA	3
牛毛	NA	NA	NA	NA	9	4771	3	1
玩球员	NA	NA	NA	NA	NA	NA	NA	1
红袍	NA	NA	NA	NA	NA	NA	NA	3
滑板手	NA	NA	NA	NA	NA	NA	NA	1
孩子们	NA	NA	NA	NA	NA	NA	NA	9
车视镜	NA	NA	NA	NA	NA	NA	NA	1
女士	NA	3.545 	6.381 	2.294 	31431	4023	3437	102
过生日的人	NA	NA	NA	NA	NA	NA	NA	1
网球员	NA	NA	NA	NA	NA	NA	NA	6
战机	1.8	NA	NA	NA	629	23243	62	14
充电器	NA	NA	NA	NA	164	17404	36	1
自行车	NA	NA	NA	NA	2099	28476	382	5
手柄	NA	NA	NA	NA	146	16902	30	2
马桶	1.2	NA	NA	NA	1177	25966	267	1
伞	NA	NA	NA	NA	677	2356	127	66
饼	NA	NA	NA	NA	4653	31934	816	37
老年人	NA	NA	NA	NA	31	2017	87	1
套装	2.096774	NA	NA	NA	489	22148	134	13
餐刀	NA	NA	NA	NA	NA	NA	NA	33
汉堡包	NA	NA	NA	NA	674	23541	113	16
大人	2.555556	5.231 	5.591 	1.867 	8299	34447	748	9
蓬	NA	NA	NA	NA	271	1959	67	2
渔港	NA	NA	NA	NA	6	301	2	1
面包胚	NA	NA	NA	NA	NA	NA	NA	2
滑翔翼	NA	NA	NA	NA	NA	NA	NA	2
火车轨道	NA	NA	NA	NA	NA	NA	NA	2
清濛	NA	NA	NA	NA	NA	NA	NA	1
切水果	NA	NA	NA	NA	NA	NA	NA	1
罗威勒狗	NA	NA	NA	NA	NA	NA	NA	1
远动员	NA	NA	NA	NA	NA	NA	NA	1
炸物	NA	NA	NA	NA	NA	NA	NA	1
夫妇的下臂	NA	NA	NA	NA	NA	NA	NA	1
怀孕	1.333333	NA	NA	NA	6576	33436	922	1
脸	NA	NA	NA	NA	15182	3707	2608	18
甜点	NA	NA	NA	NA	NA	NA	NA	42
车前盖	NA	NA	NA	NA	NA	NA	NA	7
打网球	NA	NA	NA	NA	NA	NA	NA	1
铁丝网	NA	NA	NA	NA	227	18808	45	1
食物亭子	NA	NA	NA	NA	NA	NA	NA	1
冰淇淋	NA	NA	NA	NA	166	27459	343	4
老妇	NA	NA	NA	NA	224	18751	62	1
宠物狗	NA	NA	NA	NA	NA	NA	NA	5
鹦鹉娃娃	NA	NA	NA	NA	NA	NA	NA	1
沙皮狗	NA	NA	NA	NA	NA	NA	NA	1
长者	2.194444	NA	NA	NA	11	15682	30	2
棉条	NA	NA	NA	NA	NA	NA	NA	1
贴画	NA	NA	NA	NA	24	9031	8	1
女仔	NA	NA	NA	NA	NA	NA	NA	1
车尾	1.583333	NA	NA	NA	101	15315	21	6
小溪	NA	NA	NA	NA	337	20531	73	1
壶	NA	NA	NA	NA	581	229	152	2
甘蓝	NA	NA	NA	NA	149	1699	29	1
细胞	1.972222	3.417 	6.045 	3.071 	1419	26776	274	1
橙汁机	NA	NA	NA	NA	NA	NA	NA	1
工具车	NA	NA	NA	NA	NA	NA	NA	1
学步的儿童	NA	NA	NA	NA	NA	NA	NA	1
滑板运动员	NA	NA	NA	NA	NA	NA	NA	2
趋向	NA	NA	NA	NA	83	14472	21	1
饼皮	NA	NA	NA	NA	NA	NA	NA	2
泳装	NA	NA	NA	NA	447	21761	66	1
背	NA	NA	NA	NA	603	3306	1356	1
恤衫	NA	NA	NA	NA	149	1699	43	1
踢足球踢足球	NA	NA	NA	NA	NA	NA	NA	1
洗手槽	NA	NA	NA	NA	NA	NA	NA	1
人和狗和车	NA	NA	NA	NA	NA	NA	NA	1
安全帽	NA	NA	NA	NA	72	13802	20	3
衣帽	NA	NA	NA	NA	21	8451	6	1
因动员	NA	NA	NA	NA	NA	NA	NA	1
树丛	NA	NA	NA	NA	322	20334	88	1
宠物	1.967742	NA	NA	NA	1967	28195	426	4
标牌	NA	NA	NA	NA	107	15563	30	2
男士	1.37037	NA	NA	NA	1028	25378	264	30
骑手	NA	NA	NA	NA	238	19031	33	3
蓬松的狗	NA	NA	NA	NA	NA	NA	NA	1
长袍	NA	NA	NA	NA	316	20253	80	2
警示牌	NA	NA	NA	NA	6	301	2	1
车盖	NA	NA	NA	NA	NA	NA	NA	28
炸鸡	1.458333	NA	NA	NA	388	21139	75	3
工作车	NA	NA	NA	NA	NA	NA	NA	1
计程车	NA	NA	NA	NA	721	23838	126	3
聚会	1.931034	NA	NA	NA	6576	33436	1012	3
披萨和刀	NA	NA	NA	NA	NA	NA	NA	1
魔方	NA	NA	NA	NA	92	14914	17	2
洋装	NA	NA	NA	NA	6	1301	12	6
猫	NA	NA	NA	NA	9	4771	1	24
瑞士刀	NA	NA	NA	NA	NA	NA	NA	2
老人	NA	6.182 	6.545 	1.846 	1878	27993	427	32
蝙蝠	1.521739	NA	NA	NA	1338	26522	209	1
老板	NA	5.083 	6.318 	2.400 	9983	35249	1619	1
滑雪服	NA	NA	NA	NA	NA	NA	NA	9
大钟	NA	NA	NA	NA	3	0	1	1
燕麦饼干	NA	NA	NA	NA	NA	NA	NA	1
货物	NA	4.000 	5.350 	2.286 	706	23747	176	1
僧服	NA	NA	NA	NA	NA	NA	NA	1
黑鸟	NA	NA	NA	NA	NA	NA	NA	1
食品制造商	NA	NA	NA	NA	NA	NA	NA	1
刨冰	1.833333	NA	NA	NA	42	11461	9	1
酒	NA	NA	NA	NA	18893	3802	2594	18
篷顶	NA	NA	NA	NA	NA	NA	NA	1
烧烤	1.896552	NA	NA	NA	859	24594	196	51
抛锚的车	NA	NA	NA	NA	NA	NA	NA	1
工具	2.5	5.750 	5.955 	1.733 	3115	30191	753	2
海军飞机	NA	NA	NA	NA	NA	NA	NA	1
番茄	1.086957	NA	NA	NA	474	22014	121	4
绒毛玩具	NA	NA	NA	NA	NA	NA	NA	1
牛逼	NA	NA	NA	NA	NA	NA	NA	1
小姐	NA	6.000 	5.591 	2.400 	25108	39255	2582	1
房	NA	NA	NA	NA	7205	33833	1458	11
卧室	NA	5.417 	6.136 	1.583 	2999	30026	715	5
铁桥	1.833333	NA	NA	NA	18	7782	3	1
面包类	NA	NA	NA	NA	NA	NA	NA	1
车站	1.645161	4.846 	6.182 	1.357 	1625	27364	306	3
溏心蛋	NA	NA	NA	NA	NA	NA	NA	1
开花的树	NA	NA	NA	NA	NA	NA	NA	1
划艇	NA	NA	NA	NA	6	1301	15	8
垃圾食品	NA	NA	NA	NA	NA	NA	NA	1
哭泣的婴儿	NA	NA	NA	NA	NA	NA	NA	1
身体	1.461538	4.643 	6.476 	1.786 	14201	3678	2403	4
鹿角滑雪女子	NA	NA	NA	NA	NA	NA	NA	1
猫食	NA	NA	NA	NA	NA	NA	NA	1
茶花	1.483871	NA	NA	NA	6	301	2	1
豚鼠	NA	NA	NA	NA	48	12041	14	5
机	NA	NA	NA	NA	7238	33852	1314	1
上身	NA	NA	NA	NA	492	22175	134	3
小孩的脸	NA	NA	NA	NA	NA	NA	NA	1
公文包	NA	NA	NA	NA	471	21987	104	1
汽船	NA	NA	NA	NA	42	11461	11	1
猫脚	NA	NA	NA	NA	NA	NA	NA	1
卷心菜	NA	NA	NA	NA	227	18808	54	11
番茄汤	NA	NA	NA	NA	NA	NA	NA	4
狗狗	NA	NA	NA	NA	NA	NA	NA	7
婚服	NA	NA	NA	NA	NA	NA	NA	1
家	NA	NA	NA	NA	179	17782	22	2
火箭	1.466667	5.545 	5.636 	2.500 	1568	2721	196	1
老师	1.347826	5.917 	6.773 	1.286 	11563	35887	1170	1
度假	2	NA	NA	NA	2122	28525	490	1
水罐	NA	NA	NA	NA	36	10792	8	3
黑色礼服	NA	NA	NA	NA	NA	NA	NA	1
鼠标	NA	NA	NA	NA	51	12304	15	5
酱	NA	NA	NA	NA	1663	27466	367	6
青菜	NA	6.000 	5.682 	1.385 	6	1301	15	2
上半身	NA	NA	NA	NA	NA	NA	NA	2
运动装	NA	NA	NA	NA	NA	NA	NA	1
羊屁股	NA	NA	NA	NA	NA	NA	NA	1
船	NA	NA	NA	NA	12648	36277	1133	463
少年足球员	NA	NA	NA	NA	NA	NA	NA	1
火车站	NA	NA	NA	NA	701	23711	143	2
毛	NA	NA	NA	NA	6165	33156	1176	10
鸡蛋饼	NA	NA	NA	NA	NA	NA	NA	3
甜食	NA	NA	NA	NA	182	17853	46	2
比基尼泳装	NA	NA	NA	NA	NA	NA	NA	1
面具	2.086957	NA	NA	NA	1994	28254	304	3
叉子	NA	5.900 	5.571 	2.067 	391	21173	110	2
足球选手	NA	NA	NA	NA	NA	NA	NA	1
游泳衣	NA	NA	NA	NA	11	15682	32	1
孩子吃	NA	NA	NA	NA	NA	NA	NA	1
变薄	NA	NA	NA	NA	NA	NA	NA	1
轮胎	1.304348	NA	NA	NA	1556	27177	265	5
红茶	1.434783	NA	NA	NA	72	13802	20	2
商人	1.766667	5.083 	5.455 	1.857 	118	25977	310	1
人行通道	NA	NA	NA	NA	NA	NA	NA	1
西装上衣	NA	NA	NA	NA	NA	NA	NA	4
桌椅	1.346154	NA	NA	NA	42	11461	13	3
男人	1.230769	4.308 	6.182 	1.462 	34603	40648	3833	737
女	NA	NA	NA	NA	2487	39213	3433	22
柱子	NA	4.667 	4.955 	1.583 	289	19868	67	8
杆子	NA	NA	NA	NA	185	17924	53	1
枕头	1.269231	3.667 	6.591 	2.455 	1452	26875	331	4
爸爸	NA	5.000 	6.818 	1.308 	65372	4341	3747	1
电线	NA	4.917 	5.476 	2.154 	882	24713	200	2
工作服	NA	NA	NA	NA	233	18921	60	2
洗澡器	NA	NA	NA	NA	NA	NA	NA	1
泰迪熊	NA	NA	NA	NA	NA	NA	NA	4
摩托车	NA	NA	NA	NA	155	2716	252	15
衣物	NA	NA	NA	NA	358	20792	106	1
风帆	2.269231	NA	NA	NA	48	12041	12	1
困猫	NA	NA	NA	NA	NA	NA	NA	1
蝙蝠房	NA	NA	NA	NA	NA	NA	NA	1
男孩	1.458333	NA	NA	NA	14246	36793	2058	387
汽艇	NA	NA	NA	NA	6	1301	7	1
串	NA	NA	NA	NA	1163	25911	291	1
玩具车	NA	NA	NA	NA	NA	NA	NA	1
面	NA	NA	NA	NA	11644	35917	2269	11
西装	1.416667	NA	NA	NA	1717	27604	368	156
货车	1.24	NA	NA	NA	1896	28035	324	77
牛头	NA	NA	NA	NA	NA	NA	NA	1
香槟	1.423077	NA	NA	NA	2415	29085	495	1
毕业袍	NA	NA	NA	NA	NA	NA	NA	1
大门	NA	NA	NA	NA	18	2781	450	1
历史悠久的酒店	NA	NA	NA	NA	NA	NA	NA	1
投球	NA	NA	NA	NA	653	23404	85	1
铁窗	NA	NA	NA	NA	78	1415	24	1
杂物	2.222222	NA	NA	NA	191	18062	57	2
屋檐	NA	NA	NA	NA	271	1959	80	1
烤肠	NA	NA	NA	NA	NA	NA	NA	3
笔记本电脑和办公桌	NA	NA	NA	NA	NA	NA	NA	1
滑板场地	NA	NA	NA	NA	NA	NA	NA	1
袋子	NA	NA	NA	NA	2376	29015	492	1
皮划艇	NA	NA	NA	NA	42	11461	9	12
烤饼	NA	NA	NA	NA	NA	NA	NA	1
袋	NA	NA	NA	NA	3282	30418	662	1
男人头部	NA	NA	NA	NA	NA	NA	NA	1
女棒球手	NA	NA	NA	NA	NA	NA	NA	1
圆饼	NA	NA	NA	NA	NA	NA	NA	1
吊桥	1.76	NA	NA	NA	164	17404	23	1
面馆	NA	NA	NA	NA	NA	NA	NA	1
帐篷顶	NA	NA	NA	NA	NA	NA	NA	1
面食	NA	NA	NA	NA	3	1	9	1
女子羽毛球运动员	NA	NA	NA	NA	NA	NA	NA	1
包馅面包	NA	NA	NA	NA	NA	NA	NA	1
狗和沙发	NA	NA	NA	NA	NA	NA	NA	1
侧视镜	NA	NA	NA	NA	NA	NA	NA	1
红色的	NA	NA	NA	NA	NA	NA	NA	2
手机	NA	NA	NA	NA	10833	35604	1579	86
包面	NA	NA	NA	NA	NA	NA	NA	1
广告牌	NA	NA	NA	NA	331	20453	54	3
女子	NA	5.182 	5.273 	1.588 	2105	28488	491	7
意粉	NA	NA	NA	NA	NA	NA	NA	7
陈设	2.64	NA	NA	NA	9	4771	3	1
吊带裙	NA	NA	NA	NA	NA	NA	NA	1
窗边	NA	NA	NA	NA	NA	NA	NA	1
观光车	NA	NA	NA	NA	NA	NA	NA	1
选美小姐	NA	NA	NA	NA	NA	NA	NA	1
行李架	NA	NA	NA	NA	15	699	5	1
咖啡厅	NA	NA	NA	NA	NA	NA	NA	3
狗熊	NA	NA	NA	NA	173	17634	25	4
老宅	NA	NA	NA	NA	18	7782	3	1
爵巴塔面包	NA	NA	NA	NA	NA	NA	NA	1
手撕猪肉包子	NA	NA	NA	NA	NA	NA	NA	1
充气垫	NA	NA	NA	NA	NA	NA	NA	1
披风	NA	NA	NA	NA	224	18751	28	1
炸鸡排	NA	NA	NA	NA	NA	NA	NA	2
一家子	NA	NA	NA	NA	253	19294	73	1
狗和玩具	NA	NA	NA	NA	NA	NA	NA	1
刀剑	1.354839	NA	NA	NA	18	7782	5	1
三文治	NA	NA	NA	NA	6	301	1	5
电话	1.5	5.538 	6.227 	1.333 	54772	42642	4444	6
灯	NA	NA	NA	NA	12	6021	1	18
碟子	1.346154	NA	NA	NA	233	18921	62	12
短裤	NA	NA	NA	NA	1025	25366	236	3
接球	NA	NA	NA	NA	42	21492	79	4
球棒	NA	NA	NA	NA	NA	NA	NA	1
小学生	NA	NA	NA	NA	149	1699	46	2
面罩	NA	NA	NA	NA	486	22122	94	1
姿势	2.615385	4.600 	6.773 	2.500 	3011	30043	447	1
标语	2.043478	4.083 	5.591 	2.071 	376	21004	91	1
街球手	NA	NA	NA	NA	NA	NA	NA	1
有球拍的男孩	NA	NA	NA	NA	NA	NA	NA	1
香肠	NA	4.750 	4.474 	2.818 	1192	26021	281	13
浴巾	NA	NA	NA	NA	167	17482	44	1
乘客	1.653846	5.778 	5.636 	1.667 	1857	27945	286	1
青年人	NA	NA	NA	NA	45	11761	13	1
堡	NA	NA	NA	NA	951	25038	184	1
铁路设施	NA	NA	NA	NA	NA	NA	NA	1
校车	NA	NA	NA	NA	NA	NA	NA	11
北极熊	NA	NA	NA	NA	197	18195	45	8
义大利菜	NA	NA	NA	NA	NA	NA	NA	1
屁股	1.24	3.571 	5.591 	2.429 	11339	35802	1753	1
走廊	1.888889	NA	NA	NA	234	28949	587	1
古堡	1.466667	NA	NA	NA	33	10414	11	1
猫垫	NA	NA	NA	NA	NA	NA	NA	1
汉堡坯	NA	NA	NA	NA	NA	NA	NA	1
草莓	1.115385	NA	NA	NA	951	25038	178	21
车头盖	NA	NA	NA	NA	NA	NA	NA	5
学士袍	NA	NA	NA	NA	NA	NA	NA	1
手指	1.4	4.500 	6.955 	1.500 	2993	30017	684	1
数	NA	NA	NA	NA	8069	34325	1634	1
夫妻	1.5	4.214 	5.773 	2.786 	1884	28007	447	6
卡车	1.208333	2.786 	5.864 	1.938 	46	31884	759	221
覆盖	3.173913	4.400 	6.136 	2.667 	647	23365	182	1
座椅背	NA	NA	NA	NA	NA	NA	NA	1
学士服	NA	NA	NA	NA	NA	NA	NA	4
橙柱	NA	NA	NA	NA	NA	NA	NA	1
打电话的人	NA	NA	NA	NA	NA	NA	NA	1
石板路	NA	NA	NA	NA	NA	NA	NA	1
冲浪女孩	NA	NA	NA	NA	NA	NA	NA	1
上一	NA	NA	NA	NA	NA	NA	NA	1
家猫	NA	NA	NA	NA	NA	NA	NA	1
猫碗	NA	NA	NA	NA	NA	NA	NA	1
苹果	1.259259	3.667 	5.737 	1.800 	2283	28842	446	2
柜	NA	NA	NA	NA	6	301	2	1
制服	1.608696	4.364 	5.000 	3.353 	2611	29425	595	4
蒲公英	NA	NA	NA	NA	92	14914	17	13
餐台	NA	NA	NA	NA	NA	NA	NA	1
胖子	2.038462	NA	NA	NA	20	28267	320	1
牛油果酱	NA	NA	NA	NA	NA	NA	NA	1
披萨女人	NA	NA	NA	NA	NA	NA	NA	1
冲浪爱好者	NA	NA	NA	NA	NA	NA	NA	1
主菜	2.416667	NA	NA	NA	143	16812	44	1
靠垫	NA	NA	NA	NA	69	13617	15	1
帽	NA	NA	NA	NA	1374	26637	322	1
滑雪客	NA	NA	NA	NA	NA	NA	NA	1
靠枕	NA	NA	NA	NA	33	10414	5	1
玛芬	NA	NA	NA	NA	24	9031	3	1
海	NA	NA	NA	NA	5282	32485	795	6
镇	NA	NA	NA	NA	4728	32003	730	2
乳牛	1.576923	NA	NA	NA	36	10792	10	1
肩	NA	NA	NA	NA	915	24871	254	2
卷面皮	NA	NA	NA	NA	NA	NA	NA	1
熊雕像	NA	NA	NA	NA	NA	NA	NA	1
狗猫	NA	NA	NA	NA	NA	NA	NA	2
足球员	NA	NA	NA	NA	NA	NA	NA	8
妈妈	1.166667	5.308 	6.818 	1.077 	76699	44104	4246	5
花瓣	1.516129	NA	NA	NA	253	19294	62	9
湖畔	1.608696	NA	NA	NA	54	12553	14	1
马场	NA	NA	NA	NA	NA	NA	NA	1
跳伞	1.521739	NA	NA	NA	489	22148	78	1
偏僻的	NA	NA	NA	NA	NA	NA	NA	1
玩具熊	NA	NA	NA	NA	NA	NA	NA	7
小孩们	NA	NA	NA	NA	NA	NA	NA	1
雨伞桶	NA	NA	NA	NA	NA	NA	NA	1
夏天长裙	NA	NA	NA	NA	NA	NA	NA	1
羽绒	1.818182	NA	NA	NA	21	8451	5	2
洗手台	NA	NA	NA	NA	NA	NA	NA	1
车坐椅	NA	NA	NA	NA	NA	NA	NA	1
房顶	NA	NA	NA	NA	635	23284	147	8
炒蛋	NA	NA	NA	NA	NA	NA	NA	3
厨房灶台	NA	NA	NA	NA	NA	NA	NA	1
电话架	NA	NA	NA	NA	NA	NA	NA	1
餐点	NA	NA	NA	NA	NA	NA	NA	1
碉堡	1.740741	NA	NA	NA	185	17924	34	1
燕麦粥	NA	NA	NA	NA	NA	NA	NA	1
滑水	NA	NA	NA	NA	NA	NA	NA	2
花坛	NA	NA	NA	NA	24	9031	6	1
棒球手	NA	NA	NA	NA	NA	NA	NA	28
汽车	1.291667	5.889 	6.818 	1.273 	7074	33753	1309	235
番茄泥	NA	NA	NA	NA	NA	NA	NA	1
沙地	NA	NA	NA	NA	83	14472	24	1
路面	NA	NA	NA	NA	161	17324	46	1
大丽花	NA	NA	NA	NA	42	11461	5	1
袍	NA	NA	NA	NA	498	22227	113	3
甜粉	NA	NA	NA	NA	NA	NA	NA	1
引擎罩	NA	NA	NA	NA	NA	NA	NA	2
工程车	NA	NA	NA	NA	NA	NA	NA	6
警察车	NA	NA	NA	NA	NA	NA	NA	1
床梯	NA	NA	NA	NA	NA	NA	NA	1
甜圈	NA	NA	NA	NA	NA	NA	NA	1
蛋饼	NA	NA	NA	NA	NA	NA	NA	3
手套	NA	6.333 	6.000 	1.417 	2015	28299	417	28
车镜	NA	NA	NA	NA	NA	NA	NA	3
打球	NA	NA	NA	NA	172	27612	238	5
挖掘机	NA	NA	NA	NA	18	7782	5	1
肉	NA	NA	NA	NA	7321	33902	1292	14
观景台	NA	NA	NA	NA	NA	NA	NA	1
男人的脸	NA	NA	NA	NA	NA	NA	NA	1
坡道	1.777778	NA	NA	NA	33	10414	10	2
酒桌	NA	NA	NA	NA	NA	NA	NA	2
废墟	2.111111	NA	NA	NA	513	22355	120	3
丹顶鹤	NA	NA	NA	NA	3	0	1	1
滑雪员	NA	NA	NA	NA	NA	NA	NA	4
鸟类动物	NA	NA	NA	NA	NA	NA	NA	1
主持人	NA	NA	NA	NA	141	26749	334	1
比萨	NA	NA	NA	NA	73	23892	142	104
袖子	NA	5.700 	5.455 	1.667 	486	22122	133	1
袈裟	NA	NA	NA	NA	NA	NA	NA	9
钟	NA	NA	NA	NA	742	3396	1530	39
宝座	2.424242	NA	NA	NA	17	17559	52	1
衣	NA	NA	NA	NA	1792	27789	423	3
小孩	1.807692	NA	NA	NA	11503	35865	1846	422
学习桌	NA	NA	NA	NA	NA	NA	NA	3
曲奇饼	NA	NA	NA	NA	NA	NA	NA	1
芝士披萨	NA	NA	NA	NA	NA	NA	NA	1
蛋清糖霜	NA	NA	NA	NA	NA	NA	NA	1
四轮驱动车	NA	NA	NA	NA	NA	NA	NA	2
废弃的拖车	NA	NA	NA	NA	NA	NA	NA	1
公鸡	1.192308	NA	NA	NA	259	19395	58	3
绵阳	NA	NA	NA	NA	NA	NA	NA	4
足球	1.12	3.071 	6.091 	1.813 	1827	27875	359	7
花洒	NA	NA	NA	NA	NA	NA	NA	1
福特	NA	NA	NA	NA	897	24786	174	1
皮毛	2.228571	NA	NA	NA	179	17782	53	1
热带鸟	NA	NA	NA	NA	NA	NA	NA	1
跑车	NA	NA	NA	NA	468	21959	125	4
地面	NA	3.700 	6.045 	1.800 	1687	27528	402	4
门柱	NA	NA	NA	NA	6	1301	13	1
捕手	NA	NA	NA	NA	NA	NA	NA	12
马夹	NA	NA	NA	NA	NA	NA	NA	2
展示东西	NA	NA	NA	NA	NA	NA	NA	1
风筝	1.304348	NA	NA	NA	313	20212	47	131
人	NA	NA	NA	NA	581026	52898	6239	1322
飞机	1.36	3.900 	6.227 	1.600 	14964	37007	1616	558
葡萄	1.565217	3.615 	6.636 	1.933 	709	23766	156	1
人们	NA	4.500 	6.182 	2.188 	23818	39025	3470	8
遥控	2.291667	NA	NA	NA	581	229	120	1
青柠	NA	NA	NA	NA	NA	NA	NA	4
行车镜	NA	NA	NA	NA	NA	NA	NA	1
蔬菜水果	NA	NA	NA	NA	NA	NA	NA	1
鹈鹕	NA	NA	NA	NA	57	12788	12	1
宝塔	NA	NA	NA	NA	27	9542	6	1
扶手	1.347826	NA	NA	NA	182	17853	54	1
海岸	1.884615	NA	NA	NA	2167	28615	427	1
水管道	NA	NA	NA	NA	NA	NA	NA	1
飞碟	2.115385	NA	NA	NA	262	19445	45	1
泰迪熊的女人	NA	NA	NA	NA	NA	NA	NA	1
意大利面	NA	NA	NA	NA	NA	NA	NA	34
中国餐馆	NA	NA	NA	NA	NA	NA	NA	1
竿	NA	NA	NA	NA	113	15798	33	1
脑袋	NA	4.750 	5.955 	1.929 	6454	33355	1380	1
乳白甜点	NA	NA	NA	NA	NA	NA	NA	1
麦圈	NA	NA	NA	NA	NA	NA	NA	1
快餐	1.516129	NA	NA	NA	376	21004	111	3
微波炉	NA	NA	NA	NA	534	22529	127	17
宅邸	NA	NA	NA	NA	122	16128	20	1
骷颅头	NA	NA	NA	NA	NA	NA	NA	1
炒牛肉	NA	NA	NA	NA	NA	NA	NA	1
男运动员	NA	NA	NA	NA	NA	NA	NA	2
溜板人	NA	NA	NA	NA	NA	NA	NA	1
胸罩	NA	NA	NA	NA	748	23997	169	1
鹦鹉玩偶	NA	NA	NA	NA	NA	NA	NA	1
料理台	NA	NA	NA	NA	3	0	1	2
狗带	NA	NA	NA	NA	NA	NA	NA	1
橙子	NA	NA	NA	NA	253	19294	50	2
鲨鱼人偶	NA	NA	NA	NA	NA	NA	NA	1
玻璃杯	NA	NA	NA	NA	194	18129	50	1
草	NA	NA	NA	NA	2215	2871	513	1
皮卡	NA	NA	NA	NA	78	1415	17	18
有足球的女孩	NA	NA	NA	NA	NA	NA	NA	1
推销员	NA	NA	NA	NA	477	22041	123	1
法庭套房	NA	NA	NA	NA	NA	NA	NA	1
完全帽	NA	NA	NA	NA	NA	NA	NA	1
意面	NA	NA	NA	NA	NA	NA	NA	24
商店板	NA	NA	NA	NA	NA	NA	NA	1
泳镜	1.4	NA	NA	NA	3	0	1	1
灯柱	NA	NA	NA	NA	69	13617	20	1
起居室	NA	NA	NA	NA	322	20334	84	1
鸟头	NA	NA	NA	NA	NA	NA	NA	1
电脑配件	NA	NA	NA	NA	NA	NA	NA	1
摩托	1.192308	NA	NA	NA	769	24116	142	5
招牌	2.478261	NA	NA	NA	426	21553	117	21
橄榄球服	NA	NA	NA	NA	NA	NA	NA	3
各自	NA	NA	NA	NA	1443	26848	407	1
女士们	NA	NA	NA	NA	NA	NA	NA	2
沙	NA	NA	NA	NA	2203	28686	407	2
车侧镜	NA	NA	NA	NA	NA	NA	NA	3
水禽	NA	NA	NA	NA	3	0	1	1
妇人	NA	4.889 	5.318 	2.000 	313	20212	83	3
羊羔	1.56	NA	NA	NA	241	19085	57	7
棉衣	NA	5.429 	5.545 	2.000 	6	301	2	2
杂物堆放处	NA	NA	NA	NA	NA	NA	NA	1
披萨饼	NA	NA	NA	NA	NA	NA	NA	9
兜帽	NA	NA	NA	NA	NA	NA	NA	2
弓	NA	NA	NA	NA	373	20969	87	2
步道	NA	NA	NA	NA	NA	NA	NA	2
象征	3.884615	3.214 	5.227 	2.667 	1258	26253	337	1
灯笼	1.333333	4.929 	4.545 	2.333 	107	15563	24	1
包菜	NA	NA	NA	NA	NA	NA	NA	7
英语	NA	NA	NA	NA	3535	30741	713	1
手掌	1.346154	NA	NA	NA	385	21106	111	1
火车轨	NA	NA	NA	NA	NA	NA	NA	2
游戏女孩	NA	NA	NA	NA	NA	NA	NA	1
带女人的伞	NA	NA	NA	NA	NA	NA	NA	1
餐桌	1.272727	NA	NA	NA	59	22967	171	48
麦片粥	NA	NA	NA	NA	NA	NA	NA	2
楼房	1.514286	4.385 	5.571 	1.286 	134	16532	35	47
卡車	NA	NA	NA	NA	NA	NA	NA	1
天安门	NA	NA	NA	NA	9	4771	3	7
鸢尾花	NA	NA	NA	NA	NA	NA	NA	1
布娃娃	NA	NA	NA	NA	NA	NA	NA	2
顾客	1.608696	4.231 	5.500 	2.133 	2942	29943	583	1
热狗面包	NA	NA	NA	NA	NA	NA	NA	2
牵牛花	NA	NA	NA	NA	8	14314	13	1
壁画	1.333333	NA	NA	NA	152	17076	33	2
大厅	1.346154	NA	NA	NA	2218	28716	550	1
浆	NA	NA	NA	NA	23	18865	61	1
塑料餐具	NA	NA	NA	NA	NA	NA	NA	1
围墙	1.533333	NA	NA	NA	256	19345	61	1
马路	1.346154	5.000 	6.318 	1.417 	1067	25539	279	3
地毯	NA	3.273 	6.045 	2.667 	1786	27774	385	1
雕塑	NA	NA	NA	NA	611	23118	112	10
鹦鹉鸟	NA	NA	NA	NA	NA	NA	NA	1
球队	1.466667	NA	NA	NA	1944	28142	225	1
卡马拉	NA	NA	NA	NA	3	0	1	1
路灯柱	NA	NA	NA	NA	NA	NA	NA	1
被	NA	NA	NA	NA	195833	48175	6150	3
人脸	NA	NA	NA	NA	89	14771	26	9
后备箱	NA	NA	NA	NA	NA	NA	NA	5
放	NA	NA	NA	NA	56933	4281	5341	1
动物	1.827586	4.417 	6.091 	1.429 	7858	34209	1239	67
法棍	NA	NA	NA	NA	NA	NA	NA	1
沙子	NA	3.167 	6.048 	3.091 	796	24265	164	2
鹅	NA	NA	NA	NA	3	0	1	7
上下铺	NA	NA	NA	NA	NA	NA	NA	1
游戏机手柄	NA	NA	NA	NA	NA	NA	NA	1
雪橇	NA	NA	NA	NA	563	22765	89	1
项链	NA	NA	NA	NA	1997	28261	299	6
可乐	1.346154	NA	NA	NA	1186	25999	274	2
冲浪手	NA	NA	NA	NA	NA	NA	NA	6
僧人	1.416667	NA	NA	NA	95	15051	21	1
小孩子	NA	NA	NA	NA	1887	28014	508	5
棕熊	NA	NA	NA	NA	45	11761	8	4
皮夹克	NA	NA	NA	NA	95	15051	26	2
图片	1.791667	NA	NA	NA	1353	26571	321	2
小木屋	NA	NA	NA	NA	NA	NA	NA	2
铜狗	NA	NA	NA	NA	NA	NA	NA	1
雨棚	NA	NA	NA	NA	NA	NA	NA	1
海鸥	1.392857	NA	NA	NA	28	19731	56	11
捅	NA	NA	NA	NA	1774	27745	404	1
布偶	NA	NA	NA	NA	NA	NA	NA	2
白鹭	NA	NA	NA	NA	15	699	1	1
车辆	1.269231	4.154 	5.864 	1.143 	1428	26803	302	3
炖牛肉	NA	NA	NA	NA	NA	NA	NA	1
盆子	NA	NA	NA	NA	92	14914	25	7
女从	NA	NA	NA	NA	NA	NA	NA	1
划船	1.461538	NA	NA	NA	352	20719	73	1
甜甜圈饼	NA	NA	NA	NA	NA	NA	NA	1
水壶	1.28	NA	NA	NA	206	18388	53	20
牛拆	NA	NA	NA	NA	NA	NA	NA	1
滑雪者	NA	NA	NA	NA	NA	NA	NA	25
烤面包薯块	NA	NA	NA	NA	NA	NA	NA	1
男子网球运动员	NA	NA	NA	NA	NA	NA	NA	2
街灯	1.538462	NA	NA	NA	42	11461	12	1
橱窗	1.076923	NA	NA	NA	31	2017	68	2
西服上衣	NA	NA	NA	NA	NA	NA	NA	5
商场	1.451613	6.000 	5.667 	1.462 	1324	26474	262	1
猫尾巴	NA	NA	NA	NA	NA	NA	NA	1
泰	NA	NA	NA	NA	2218	28716	259	2
批塞	NA	NA	NA	NA	NA	NA	NA	1
鸡蛋黄	NA	NA	NA	NA	NA	NA	NA	1
派对	2.346154	NA	NA	NA	12612	36264	1325	2
滑冰女孩	NA	NA	NA	NA	NA	NA	NA	1
滑雪手	NA	NA	NA	NA	NA	NA	NA	1
帮助	2.28	4.692 	6.409 	1.400 	29908	40014	3991	2
轨道桥	NA	NA	NA	NA	NA	NA	NA	1
车斗	NA	NA	NA	NA	9	4771	3	2
桌子和椅子	NA	NA	NA	NA	NA	NA	NA	1
泳衣	1.192308	NA	NA	NA	396	21239	98	3
酱汁	NA	NA	NA	NA	NA	NA	NA	1
台	NA	NA	NA	NA	45	11761	1	5
假花	NA	NA	NA	NA	NA	NA	NA	1
玩家	NA	NA	NA	NA	NA	NA	NA	9
小汽车	NA	NA	NA	NA	63	13222	17	4
摆件	NA	NA	NA	NA	NA	NA	NA	2
葡萄酒	NA	NA	NA	NA	966	25105	226	2
旅游车	NA	NA	NA	NA	24	9031	7	1
出轿车	NA	NA	NA	NA	NA	NA	NA	1
队员	2.115385	4.643 	6.364 	2.500 	4632	31915	614	1
牌子	NA	NA	NA	NA	1258	26253	357	5
妙龄少女	NA	NA	NA	NA	NA	NA	NA	1
绿碗	NA	NA	NA	NA	NA	NA	NA	1
花台	NA	NA	NA	NA	NA	NA	NA	1
狗模型	NA	NA	NA	NA	NA	NA	NA	1
白雪公主	NA	NA	NA	NA	182	17853	37	2
公牛	1.703704	NA	NA	NA	474	22014	93	4
厂	NA	NA	NA	NA	3	0	1	1
滑雪运动员	NA	NA	NA	NA	NA	NA	NA	11
相框	NA	NA	NA	NA	NA	NA	NA	1
下颌	NA	NA	NA	NA	75	13979	14	1
比萨饼	NA	NA	NA	NA	25	19243	57	26
奶	NA	NA	NA	NA	2313	28899	455	1
金属刀	NA	NA	NA	NA	NA	NA	NA	1
运动	2.576923	6.308 	6.455 	2.933 	5732	3284	1092	4
倒酒	NA	NA	NA	NA	NA	NA	NA	1
鸽子	1.37037	5.917 	5.545 	2.188 	1407	26739	291	14
房间	1.62963	4.800 	5.818 	1.462 	21487	38578	2973	2
划水板	NA	NA	NA	NA	NA	NA	NA	1
熊椅	NA	NA	NA	NA	NA	NA	NA	1
网球护具	NA	NA	NA	NA	NA	NA	NA	1
啄木鸟	NA	NA	NA	NA	86	14624	18	3
假手	NA	NA	NA	NA	3	1	8	1
垃圾	2.259259	5.308 	5.952 	1.933 	7408	33953	1485	3
墙角	NA	NA	NA	NA	134	16532	45	3
顶棚	NA	NA	NA	NA	57	12788	15	8
女人身体	NA	NA	NA	NA	NA	NA	NA	1
大桥	NA	NA	NA	NA	429	21584	79	6
乒乓球	NA	NA	NA	NA	224	18751	49	1
花束	NA	NA	NA	NA	122	16128	34	1
杯纸蛋糕	NA	NA	NA	NA	NA	NA	NA	1
果汁	1.541667	NA	NA	NA	138	26656	301	1
单人划艇	NA	NA	NA	NA	NA	NA	NA	1
马尾	NA	NA	NA	NA	185	17924	51	1
莎拉	NA	NA	NA	NA	1923	28096	97	1
食品	NA	5.357 	6.762 	1.917 	2027	28325	467	2
刀	NA	NA	NA	NA	8171	34379	1226	310
罗里	NA	NA	NA	NA	101	15315	18	1
轨	NA	NA	NA	NA	265	19494	53	1
门面房	NA	NA	NA	NA	NA	NA	NA	1
阿婆	NA	NA	NA	NA	21	8451	5	1
摊子	NA	NA	NA	NA	83	14472	26	1
便池	NA	NA	NA	NA	39	11139	12	1
鹰	NA	NA	NA	NA	113	25786	189	24
剪裁	NA	NA	NA	NA	63	13222	14	1
冬衣	NA	NA	NA	NA	12	6021	3	1
房子	NA	4.100 	5.955 	1.467 	24512	3915	2820	560
有冲浪板的女人	NA	NA	NA	NA	NA	NA	NA	1
小朋友	NA	NA	NA	NA	1359	2659	346	8
烤架	NA	NA	NA	NA	NA	NA	NA	16
烤	NA	NA	NA	NA	4966	32217	946	1
搞点	NA	NA	NA	NA	NA	NA	NA	1
煎蛋	NA	NA	NA	NA	NA	NA	NA	1
顶篷	NA	NA	NA	NA	NA	NA	NA	1
厨房柜台	NA	NA	NA	NA	NA	NA	NA	1
种	NA	NA	NA	NA	3	0	1	1
海马	1.689655	NA	NA	NA	8	14314	18	1
甜甜圈女人	NA	NA	NA	NA	NA	NA	NA	1
人狗	NA	NA	NA	NA	NA	NA	NA	1
清洁人员	NA	NA	NA	NA	NA	NA	NA	1
野餐	1.538462	NA	NA	NA	757	24048	188	1
圈圈	NA	NA	NA	NA	167	17482	44	2
军机	NA	NA	NA	NA	21	8451	4	1
饼子	NA	NA	NA	NA	6	301	2	2
玩具狗	NA	NA	NA	NA	NA	NA	NA	8
西服	NA	6.200 	4.818 	2.714 	519	22405	136	69
车身	1.5	NA	NA	NA	113	15798	37	1
卷饼	NA	NA	NA	NA	NA	NA	NA	4
长椅	NA	NA	NA	NA	259	19395	71	7
液体	1.869565	4.900 	6.000 	1.800 	802	24298	200	1
烟囱	1.32	5.429 	5.182 	2.250 	331	20453	76	2
移动的	NA	NA	NA	NA	NA	NA	NA	1
中年妇女	NA	NA	NA	NA	NA	NA	NA	1
老爷车	NA	NA	NA	NA	89	14771	27	2
裁判员	NA	NA	NA	NA	86	14624	20	1
越野滑雪	NA	NA	NA	NA	NA	NA	NA	1
八十	NA	NA	NA	NA	209	18451	61	2
浴室	1.321429	NA	NA	NA	228	28837	557	5
脚凳沙发	NA	NA	NA	NA	NA	NA	NA	1
罐头	1.666667	5.333 	5.476 	2.071 	599	23032	143	1
大篷车	NA	NA	NA	NA	57	12788	13	1
胸毛	NA	NA	NA	NA	NA	NA	NA	1
冰琪琳	NA	NA	NA	NA	3	0	1	1
车座	NA	NA	NA	NA	92	14914	30	1
浴缸	1.225806	NA	NA	NA	1252	26232	277	264
特务西装	NA	NA	NA	NA	NA	NA	NA	1
河流	1.576923	5.800 	5.727 	1.833 	468	21959	109	1
蘑菇披萨	NA	NA	NA	NA	NA	NA	NA	1
包装	NA	4.364 	5.591 	2.846 	805	24314	216	1
黑伞	NA	NA	NA	NA	NA	NA	NA	1
后视镜	NA	NA	NA	NA	137	16628	41	57
店面	NA	NA	NA	NA	86	14624	25	11
轻轨	NA	NA	NA	NA	95	15051	4	1
色拉	NA	NA	NA	NA	361	20828	92	1
西蓝花	NA	NA	NA	NA	NA	NA	NA	1
窗户	1.346154	5.300 	6.333 	2.545 	4075	31358	891	18
木船	1.153846	NA	NA	NA	15	699	3	2
店铺招牌	NA	NA	NA	NA	NA	NA	NA	1
牛扒	NA	NA	NA	NA	NA	NA	NA	1
刀叉	NA	NA	NA	NA	75	13979	23	10
面饼	NA	NA	NA	NA	NA	NA	NA	2
城门	NA	NA	NA	NA	122	16128	19	3
乌鸦	1.133333	4.538 	4.143 	3.455 	578	22878	103	4
有球拍的人	NA	NA	NA	NA	NA	NA	NA	1
酒馆	NA	NA	NA	NA	668	23502	132	1
塔台	NA	NA	NA	NA	134	16532	27	1
地板	NA	6.308 	6.000 	2.100 	2903	29886	694	3
皮艇	NA	NA	NA	NA	69	13617	13	5
桌子和书桌	NA	NA	NA	NA	NA	NA	NA	1
滑板管	NA	NA	NA	NA	NA	NA	NA	1
卤	NA	NA	NA	NA	42	11461	8	1
公寓	NA	NA	NA	NA	8066	34323	1285	1
毛衣	NA	6.231 	6.381 	2.400 	999	2525	227	49
保安	1.625	NA	NA	NA	4045	31326	742	1
到	NA	NA	NA	NA	415942	51447	6238	1
亚洲冲浪者	NA	NA	NA	NA	NA	NA	NA	1
夹心饼	NA	NA	NA	NA	NA	NA	NA	1
路	NA	NA	NA	NA	20846	38447	3097	18
橄榄球员	NA	NA	NA	NA	NA	NA	NA	1
比萨人	NA	NA	NA	NA	NA	NA	NA	1
智能手机女士	NA	NA	NA	NA	NA	NA	NA	1
客厅	1.5	4.750 	6.455 	1.786 	1133	25798	313	1
河景	NA	NA	NA	NA	NA	NA	NA	1
厨具	NA	NA	NA	NA	63	13222	15	2
村居	NA	NA	NA	NA	NA	NA	NA	1
残骸	NA	NA	NA	NA	537	22553	131	1
塑像	NA	NA	NA	NA	179	17782	44	1
网球爱好者	NA	NA	NA	NA	NA	NA	NA	1
茶	NA	NA	NA	NA	3711	30952	728	13
船夫	NA	NA	NA	NA	48	12041	13	1
面包刀	NA	NA	NA	NA	NA	NA	NA	1
酒吧台	NA	NA	NA	NA	NA	NA	NA	1
群	NA	NA	NA	NA	8654	34628	1808	3
器皿	1.923077	NA	NA	NA	78	1415	22	1
办公桌	NA	NA	NA	NA	513	22355	149	30
男童	NA	NA	NA	NA	69	13617	17	1
领子	NA	NA	NA	NA	137	16628	40	7
烤肉	1.625	NA	NA	NA	864	24624	212	6
船帆	NA	NA	NA	NA	45	11761	12	3
腿	NA	NA	NA	NA	1117	35737	1873	22
亚洲女孩	NA	NA	NA	NA	NA	NA	NA	1
防护栏	NA	NA	NA	NA	NA	NA	NA	1
电瓶车	NA	NA	NA	NA	12	6021	4	1
书桌床	NA	NA	NA	NA	NA	NA	NA	1
耳环	1.478261	NA	NA	NA	885	24728	169	1
床单	NA	NA	NA	NA	823	24409	208	8
划船队	NA	NA	NA	NA	NA	NA	NA	1
婚礼长裙	NA	NA	NA	NA	NA	NA	NA	1
饭盒	1.130435	NA	NA	NA	95	15051	19	2
饭馆	NA	NA	NA	NA	188	17993	52	2
牛奶	1.307692	2.538 	6.773 	1.867 	2647	29484	530	1
菜菜	NA	NA	NA	NA	NA	NA	NA	1
看门人	NA	NA	NA	NA	NA	NA	NA	1
桥	NA	NA	NA	NA	3202	3031	470	389
厨房卓	NA	NA	NA	NA	NA	NA	NA	1
自行车运动员	NA	NA	NA	NA	NA	NA	NA	1
墨镜	NA	NA	NA	NA	325	20374	73	5
亚洲人	NA	NA	NA	NA	NA	NA	NA	1
手提电脑	NA	NA	NA	NA	NA	NA	NA	3
雨伞	1.541667	NA	NA	NA	206	18388	58	18
拌饭	NA	NA	NA	NA	NA	NA	NA	1
书	NA	NA	NA	NA	2132	38544	2284	2
围巾	1.36	5.133 	5.714 	1.667 	668	23502	143	2
手臂	NA	NA	NA	NA	2486	29212	582	4
汤碗汤碗	NA	NA	NA	NA	NA	NA	NA	1
切蛋糕	NA	NA	NA	NA	NA	NA	NA	1
易拉罐	NA	NA	NA	NA	98	15185	20	4
笔记本鼠标	NA	NA	NA	NA	NA	NA	NA	1
小便池	NA	NA	NA	NA	NA	NA	NA	10
母鸡	1.24	NA	NA	NA	182	17853	46	3
卡车头	NA	NA	NA	NA	NA	NA	NA	1
眼镜	1.25	4.200 	6.524 	2.067 	2382	29025	497	3
美国酒店	NA	NA	NA	NA	NA	NA	NA	1
独木舟	NA	NA	NA	NA	113	15798	29	2
咖啡	1.192308	4.800 	5.000 	2.313 	12505	36227	1928	21
书包	NA	5.733 	6.182 	1.214 	277	19685	65	10
桌	NA	NA	NA	NA	1845	27917	403	10
猫咪	NA	NA	NA	NA	NA	NA	NA	1
发型	1.88	NA	NA	NA	2716	29595	540	1
食物餐车	NA	NA	NA	NA	NA	NA	NA	1
糊糊	NA	NA	NA	NA	21	8451	6	1
吧台	NA	NA	NA	NA	NA	NA	NA	5
厨房	1.416667	4.692 	5.905 	2.417 	4838	32103	1054	3
刀把	NA	NA	NA	NA	6	1301	16	1
摩托车者	NA	NA	NA	NA	NA	NA	NA	1
长袖恤	NA	NA	NA	NA	NA	NA	NA	1
坡	NA	NA	NA	NA	474	22014	103	2
车顶盖	NA	NA	NA	NA	NA	NA	NA	1
展示自行车	NA	NA	NA	NA	NA	NA	NA	1
收音机	NA	NA	NA	NA	1371	26628	258	2
救护车	NA	NA	NA	NA	2468	2918	538	2
货车箱	NA	NA	NA	NA	NA	NA	NA	1
铁道	NA	5.000 	5.545 	3.000 	98	15185	19	1
生日庆典	NA	NA	NA	NA	NA	NA	NA	1
大衣	NA	5.231 	6.333 	2.500 	969	25119	209	7
砖头	NA	NA	NA	NA	25	19243	58	4
橄榄球运动员	NA	NA	NA	NA	NA	NA	NA	3
